instance_id,population_size,max_iterations,weight,c1,c2,vmax,makespan,execution_time
0,20,50,0.7,1.5,2.0,0.5,4827,3.5605714321136475
0,20,50,0.7,1.5,1.5,0.25,4469,3.6859371662139893
0,20,50,0.7,1.5,1.5,0.5,4862,3.7026963233947754
0,20,50,0.7,1.5,2.0,0.25,4629,3.7278192043304443
0,20,50,0.7,2.0,1.5,0.5,4672,3.1604785919189453
0,20,50,0.7,2.0,2.0,0.25,4745,3.152714490890503
0,20,50,0.7,2.0,2.0,0.5,4745,3.132779121398926
0,20,50,0.7,2.0,1.5,0.25,4788,3.261847496032715
0,20,50,0.9,1.5,1.5,0.5,5026,3.1989121437072754
0,20,50,0.9,1.5,1.5,0.25,4693,3.285003185272217
0,20,50,0.9,1.5,2.0,0.25,4599,3.3068087100982666
0,20,50,0.9,1.5,2.0,0.5,4769,3.341122627258301
0,20,50,0.9,2.0,1.5,0.25,4750,3.1807336807250977
0,20,50,0.9,2.0,1.5,0.5,5032,3.2011120319366455
0,20,50,0.9,2.0,2.0,0.25,4813,3.2320711612701416
0,20,50,0.9,2.0,2.0,0.5,5023,3.24692440032959
0,20,100,0.7,1.5,1.5,0.25,4697,6.469315528869629
0,20,100,0.7,1.5,1.5,0.5,4887,6.379510879516602
0,20,100,0.7,1.5,2.0,0.5,4837,6.364313364028931
0,20,100,0.7,1.5,2.0,0.25,4642,6.472032785415649
0,20,100,0.7,2.0,1.5,0.5,4843,6.58636736869812
0,20,100,0.7,2.0,2.0,0.25,4670,6.524131774902344
0,20,100,0.7,2.0,1.5,0.25,4564,6.72758936882019
0,20,100,0.7,2.0,2.0,0.5,4788,6.611220121383667
0,20,100,0.9,1.5,1.5,0.25,4786,6.5641028881073
0,20,100,0.9,1.5,1.5,0.5,4720,6.577065467834473
0,20,100,0.9,1.5,2.0,0.25,4804,6.536075830459595
0,20,100,0.9,1.5,2.0,0.5,5016,6.560719728469849
0,20,100,0.9,2.0,1.5,0.25,4712,6.553548097610474
0,20,100,0.9,2.0,1.5,0.5,4818,6.522858619689941
0,20,100,0.9,2.0,2.0,0.25,4692,6.584977388381958
0,20,100,0.9,2.0,2.0,0.5,4712,6.5929083824157715
0,20,150,0.7,1.5,1.5,0.5,4896,9.819901466369629
0,20,150,0.7,1.5,1.5,0.25,4627,9.972143650054932
0,20,150,0.7,1.5,2.0,0.25,4575,9.90062141418457
0,20,150,0.7,1.5,2.0,0.5,4728,9.960124015808105
0,20,150,0.7,2.0,1.5,0.25,4406,9.77287244796753
0,20,150,0.7,2.0,1.5,0.5,4488,9.835583209991455
0,20,150,0.7,2.0,2.0,0.25,4657,9.798804521560669
0,20,150,0.7,2.0,2.0,0.5,4910,9.762451171875
0,20,150,0.9,1.5,1.5,0.25,4415,10.066049098968506
0,20,150,0.9,1.5,2.0,0.25,4726,10.09754228591919
0,20,150,0.9,1.5,1.5,0.5,4924,10.122291803359985
0,20,150,0.9,1.5,2.0,0.5,4533,10.086491584777832
0,20,150,0.9,2.0,1.5,0.25,4638,9.91499638557434
0,20,150,0.9,2.0,2.0,0.25,4602,9.852145433425903
0,20,150,0.9,2.0,1.5,0.5,4837,9.91187310218811
0,20,150,0.9,2.0,2.0,0.5,4917,9.885321617126465
0,30,50,0.7,1.5,1.5,0.25,4532,4.968022584915161
0,30,50,0.7,1.5,1.5,0.5,4743,4.98297905921936
0,30,50,0.7,1.5,2.0,0.25,4717,4.95840311050415
0,30,50,0.7,1.5,2.0,0.5,4931,5.0024027824401855
0,30,50,0.7,2.0,1.5,0.25,4673,4.971881151199341
0,30,50,0.7,2.0,1.5,0.5,4725,4.970375299453735
0,30,50,0.7,2.0,2.0,0.25,4831,4.980973243713379
0,30,50,0.7,2.0,2.0,0.5,4874,4.979630470275879
0,30,50,0.9,1.5,1.5,0.25,4562,4.951101541519165
0,30,50,0.9,1.5,1.5,0.5,4949,4.920342206954956
0,30,50,0.9,1.5,2.0,0.25,4809,4.950373411178589
0,30,50,0.9,1.5,2.0,0.5,5193,4.897282361984253
0,30,50,0.9,2.0,1.5,0.25,4746,4.91374135017395
0,30,50,0.9,2.0,2.0,0.25,4739,4.9142961502075195
0,30,50,0.9,2.0,1.5,0.5,4843,4.99387526512146
0,30,50,0.9,2.0,2.0,0.5,5054,4.898899555206299
0,30,100,0.7,1.5,1.5,0.25,4595,9.874368667602539
0,30,100,0.7,1.5,2.0,0.25,4519,9.841565370559692
0,30,100,0.7,1.5,1.5,0.5,4574,9.931472539901733
0,30,100,0.7,1.5,2.0,0.5,4854,9.962681770324707
0,30,100,0.7,2.0,1.5,0.25,4728,9.897292375564575
0,30,100,0.7,2.0,1.5,0.5,4733,9.891694068908691
0,30,100,0.7,2.0,2.0,0.5,4814,9.73508596420288
0,30,100,0.7,2.0,2.0,0.25,4749,9.890079975128174
0,30,100,0.9,1.5,1.5,0.25,4661,9.922013998031616
0,30,100,0.9,1.5,1.5,0.5,4823,9.977785110473633
0,30,100,0.9,1.5,2.0,0.25,4542,9.970024347305298
0,30,100,0.9,1.5,2.0,0.5,4503,10.002605199813843
0,30,100,0.9,2.0,1.5,0.25,4672,9.915423154830933
0,30,100,0.9,2.0,1.5,0.5,4947,9.95246934890747
0,30,100,0.9,2.0,2.0,0.25,4571,10.013189315795898
0,30,100,0.9,2.0,2.0,0.5,4821,10.0210280418396
0,30,150,0.7,1.5,1.5,0.25,4665,15.041957139968872
0,30,150,0.7,1.5,1.5,0.5,4779,15.087119579315186
0,30,150,0.7,1.5,2.0,0.25,4483,15.08785605430603
0,30,150,0.7,1.5,2.0,0.5,4548,15.138216018676758
0,30,150,0.7,2.0,1.5,0.25,4371,14.977056980133057
0,30,150,0.7,2.0,1.5,0.5,4718,14.806367874145508
0,30,150,0.7,2.0,2.0,0.25,4635,14.916019439697266
0,30,150,0.7,2.0,2.0,0.5,4554,14.847861051559448
0,30,150,0.9,1.5,1.5,0.25,4657,14.860484600067139
0,30,150,0.9,1.5,1.5,0.5,4633,14.761937856674194
0,30,150,0.9,1.5,2.0,0.25,4699,14.836472749710083
0,30,150,0.9,1.5,2.0,0.5,4839,14.860451698303223
0,30,150,0.9,2.0,1.5,0.5,4761,14.819884300231934
0,30,150,0.9,2.0,1.5,0.25,4534,14.889443397521973
0,30,150,0.9,2.0,2.0,0.5,4741,14.751471757888794
0,30,150,0.9,2.0,2.0,0.25,4606,14.924630641937256
0,50,50,0.7,1.5,1.5,0.25,4817,8.267359018325806
0,50,50,0.7,1.5,1.5,0.5,4585,8.312849521636963
0,50,50,0.7,1.5,2.0,0.25,4811,8.319722414016724
0,50,50,0.7,1.5,2.0,0.5,4523,8.265350580215454
0,50,50,0.7,2.0,1.5,0.25,4672,8.296208620071411
0,50,50,0.7,2.0,1.5,0.5,4657,8.302077531814575
0,50,50,0.7,2.0,2.0,0.25,4494,8.237472534179688
0,50,50,0.7,2.0,2.0,0.5,4550,8.274497270584106
0,50,50,0.9,1.5,1.5,0.25,4698,8.290603399276733
0,50,50,0.9,1.5,1.5,0.5,4522,8.395629167556763
0,50,50,0.9,1.5,2.0,0.25,4714,8.214826345443726
0,50,50,0.9,1.5,2.0,0.5,5036,8.335968494415283
0,50,50,0.9,2.0,1.5,0.25,4672,8.3385488986969
0,50,50,0.9,2.0,1.5,0.5,4782,8.322285890579224
0,50,50,0.9,2.0,2.0,0.25,4697,8.373522520065308
0,50,50,0.9,2.0,2.0,0.5,4980,8.270968914031982
0,50,100,0.7,1.5,1.5,0.25,4711,16.650179147720337
0,50,100,0.7,1.5,1.5,0.5,4736,16.564619541168213
0,50,100,0.7,1.5,2.0,0.25,4634,16.678354024887085
0,50,100,0.7,1.5,2.0,0.5,4809,16.76404881477356
0,50,100,0.7,2.0,1.5,0.5,5034,16.647204637527466
0,50,100,0.7,2.0,1.5,0.25,4590,16.85353708267212
0,50,100,0.7,2.0,2.0,0.25,4426,16.77884578704834
0,50,100,0.7,2.0,2.0,0.5,4693,16.755104780197144
0,50,100,0.9,1.5,1.5,0.25,4574,16.584792375564575
0,50,100,0.9,1.5,1.5,0.5,4948,16.66176700592041
0,50,100,0.9,1.5,2.0,0.25,4681,16.796669244766235
0,50,100,0.9,1.5,2.0,0.5,5024,16.824553728103638
0,50,100,0.9,2.0,1.5,0.25,4455,16.57785701751709
0,50,100,0.9,2.0,1.5,0.5,4806,16.634585857391357
0,50,100,0.9,2.0,2.0,0.25,4653,16.718005418777466
0,50,100,0.9,2.0,2.0,0.5,4828,16.70378613471985
0,50,150,0.7,1.5,1.5,0.25,4690,24.761972427368164
0,50,150,0.7,1.5,1.5,0.5,4665,24.96235179901123
0,50,150,0.7,1.5,2.0,0.25,4592,24.798943519592285
0,50,150,0.7,1.5,2.0,0.5,4740,24.9068763256073
0,50,150,0.7,2.0,1.5,0.25,4371,24.93188166618347
0,50,150,0.7,2.0,1.5,0.5,4786,24.9525465965271
0,50,150,0.7,2.0,2.0,0.25,4500,24.89202380180359
0,50,150,0.7,2.0,2.0,0.5,4822,24.95572590827942
0,50,150,0.9,1.5,1.5,0.25,4648,24.856365203857422
0,50,150,0.9,1.5,1.5,0.5,4758,24.831517696380615
0,50,150,0.9,1.5,2.0,0.25,4520,24.865098476409912
0,50,150,0.9,1.5,2.0,0.5,4809,24.90774440765381
0,50,150,0.9,2.0,1.5,0.25,4651,24.880855798721313
0,50,150,0.9,2.0,1.5,0.5,4689,24.817366123199463
0,50,150,0.9,2.0,2.0,0.25,4603,24.95818281173706
0,50,150,0.9,2.0,2.0,0.5,4750,24.922598361968994
1,20,50,0.7,1.5,1.5,0.25,4737,3.3872625827789307
1,20,50,0.7,1.5,1.5,0.5,4768,3.3377368450164795
1,20,50,0.7,1.5,2.0,0.25,4611,3.2971134185791016
1,20,50,0.7,1.5,2.0,0.5,4707,3.396564483642578
1,20,50,0.7,2.0,1.5,0.25,4772,3.331355094909668
1,20,50,0.7,2.0,1.5,0.5,4755,3.3989837169647217
1,20,50,0.7,2.0,2.0,0.25,4661,3.378232717514038
1,20,50,0.7,2.0,2.0,0.5,4977,3.3190760612487793
1,20,50,0.9,1.5,1.5,0.25,4538,3.4119322299957275
1,20,50,0.9,1.5,1.5,0.5,5032,3.3903841972351074
1,20,50,0.9,1.5,2.0,0.25,4811,3.353332757949829
1,20,50,0.9,1.5,2.0,0.5,5030,3.3828697204589844
1,20,50,0.9,2.0,1.5,0.25,4662,3.363128185272217
1,20,50,0.9,2.0,1.5,0.5,4869,3.3659472465515137
1,20,50,0.9,2.0,2.0,0.25,4711,3.392784595489502
1,20,50,0.9,2.0,2.0,0.5,4991,3.325226306915283
1,20,100,0.7,1.5,1.5,0.25,4193,6.729995012283325
1,20,100,0.7,1.5,1.5,0.5,4695,6.748116493225098
1,20,100,0.7,1.5,2.0,0.25,4657,6.701498031616211
1,20,100,0.7,1.5,2.0,0.5,4807,6.706731557846069
1,20,100,0.7,2.0,1.5,0.25,4480,6.728383779525757
1,20,100,0.7,2.0,1.5,0.5,4524,6.7336015701293945
1,20,100,0.7,2.0,2.0,0.25,4515,6.7554771900177
1,20,100,0.7,2.0,2.0,0.5,4610,6.665892124176025
1,20,100,0.9,1.5,1.5,0.25,4704,6.876586198806763
1,20,100,0.9,1.5,1.5,0.5,4830,6.867604732513428
1,20,100,0.9,1.5,2.0,0.25,4698,6.803914308547974
1,20,100,0.9,1.5,2.0,0.5,5099,6.864905595779419
1,20,100,0.9,2.0,1.5,0.25,4491,6.9593751430511475
1,20,100,0.9,2.0,1.5,0.5,4806,6.933293104171753
1,20,100,0.9,2.0,2.0,0.25,4563,6.939402103424072
1,20,100,0.9,2.0,2.0,0.5,4808,6.924503803253174
1,20,150,0.7,1.5,1.5,0.25,4532,10.045235395431519
1,20,150,0.7,1.5,1.5,0.5,4693,10.138522148132324
1,20,150,0.7,1.5,2.0,0.25,4545,10.188569784164429
1,20,150,0.7,1.5,2.0,0.5,4717,10.035969018936157
1,20,150,0.7,2.0,1.5,0.25,4591,10.248342275619507
1,20,150,0.7,2.0,1.5,0.5,4672,10.097925662994385
1,20,150,0.7,2.0,2.0,0.25,4618,10.311089277267456
1,20,150,0.7,2.0,2.0,0.5,4835,10.201818466186523
1,20,150,0.9,1.5,1.5,0.25,4526,10.080224514007568
1,20,150,0.9,1.5,1.5,0.5,5014,10.076020956039429
1,20,150,0.9,1.5,2.0,0.5,5092,9.936541080474854
1,20,150,0.9,1.5,2.0,0.25,4621,10.085390567779541
1,20,150,0.9,2.0,1.5,0.25,4601,9.971907138824463
1,20,150,0.9,2.0,1.5,0.5,4527,10.13655972480774
1,20,150,0.9,2.0,2.0,0.25,4555,10.08668065071106
1,20,150,0.9,2.0,2.0,0.5,4872,10.165567636489868
1,30,50,0.7,1.5,1.5,0.25,4770,5.14429235458374
1,30,50,0.7,1.5,1.5,0.5,4804,5.062856197357178
1,30,50,0.7,1.5,2.0,0.25,4660,5.081242322921753
1,30,50,0.7,1.5,2.0,0.5,4717,5.137576341629028
1,30,50,0.7,2.0,1.5,0.25,4570,5.044655799865723
1,30,50,0.7,2.0,1.5,0.5,4937,5.003458738327026
1,30,50,0.7,2.0,2.0,0.25,4622,5.070794343948364
1,30,50,0.7,2.0,2.0,0.5,4865,5.0103600025177
1,30,50,0.9,1.5,1.5,0.25,4737,5.142177581787109
1,30,50,0.9,1.5,1.5,0.5,4893,5.11933970451355
1,30,50,0.9,1.5,2.0,0.25,4464,5.0069475173950195
1,30,50,0.9,1.5,2.0,0.5,4855,5.0322487354278564
1,30,50,0.9,2.0,1.5,0.25,4654,5.0236735343933105
1,30,50,0.9,2.0,1.5,0.5,4923,4.954771518707275
1,30,50,0.9,2.0,2.0,0.25,4700,5.028956413269043
1,30,50,0.9,2.0,2.0,0.5,4867,5.092673063278198
1,30,100,0.7,1.5,1.5,0.25,4579,10.01498007774353
1,30,100,0.7,1.5,1.5,0.5,4674,10.16971230506897
1,30,100,0.7,1.5,2.0,0.25,4668,10.01573371887207
1,30,100,0.7,1.5,2.0,0.5,4742,9.997663974761963
1,30,100,0.7,2.0,1.5,0.25,4553,9.89260196685791
1,30,100,0.7,2.0,1.5,0.5,4667,9.955595970153809
1,30,100,0.7,2.0,2.0,0.25,4606,10.035489320755005
1,30,100,0.7,2.0,2.0,0.5,4717,10.024756908416748
1,30,100,0.9,1.5,1.5,0.25,4753,10.04275107383728
1,30,100,0.9,1.5,1.5,0.5,4734,10.073008298873901
1,30,100,0.9,1.5,2.0,0.25,4712,9.976337194442749
1,30,100,0.9,1.5,2.0,0.5,4965,9.92709994316101
1,30,100,0.9,2.0,1.5,0.25,4497,10.046731233596802
1,30,100,0.9,2.0,1.5,0.5,4724,10.042049407958984
1,30,100,0.9,2.0,2.0,0.25,4644,10.067224502563477
1,30,100,0.9,2.0,2.0,0.5,4835,10.061625957489014
1,30,150,0.7,1.5,1.5,0.25,4518,14.914738893508911
1,30,150,0.7,1.5,1.5,0.5,4580,14.946785926818848
1,30,150,0.7,1.5,2.0,0.25,4582,15.010685682296753
1,30,150,0.7,1.5,2.0,0.5,4805,14.993356704711914
1,30,150,0.7,2.0,1.5,0.25,4512,14.93777847290039
1,30,150,0.7,2.0,1.5,0.5,4868,14.9754478931427
1,30,150,0.7,2.0,2.0,0.25,4539,15.048173666000366
1,30,150,0.7,2.0,2.0,0.5,4724,14.901981353759766
1,30,150,0.9,1.5,1.5,0.25,4667,14.868027687072754
1,30,150,0.9,1.5,1.5,0.5,4575,14.957460880279541
1,30,150,0.9,1.5,2.0,0.5,4565,15.056019067764282
1,30,150,0.9,1.5,2.0,0.25,4687,15.131942749023438
1,30,150,0.9,2.0,1.5,0.25,4411,14.960670709609985
1,30,150,0.9,2.0,1.5,0.5,4611,14.951444387435913
1,30,150,0.9,2.0,2.0,0.25,4614,14.993690252304077
1,30,150,0.9,2.0,2.0,0.5,4816,14.979017496109009
1,50,50,0.7,1.5,1.5,0.25,4708,8.333700180053711
1,50,50,0.7,1.5,1.5,0.5,4674,8.404965877532959
1,50,50,0.7,1.5,2.0,0.25,4548,8.37466287612915
1,50,50,0.7,1.5,2.0,0.5,4862,8.3934645652771
1,50,50,0.7,2.0,1.5,0.25,4504,8.368692636489868
1,50,50,0.7,2.0,1.5,0.5,4797,8.38316535949707
1,50,50,0.7,2.0,2.0,0.25,4774,8.30088496208191
1,50,50,0.7,2.0,2.0,0.5,4821,8.379356384277344
1,50,50,0.9,1.5,1.5,0.25,4611,8.308680534362793
1,50,50,0.9,1.5,1.5,0.5,4686,8.371354579925537
1,50,50,0.9,1.5,2.0,0.25,4659,8.468365907669067
1,50,50,0.9,1.5,2.0,0.5,4949,8.376375436782837
1,50,50,0.9,2.0,1.5,0.25,4584,8.456402063369751
1,50,50,0.9,2.0,1.5,0.5,4880,8.419021606445312
1,50,50,0.9,2.0,2.0,0.25,4692,8.326049089431763
1,50,50,0.9,2.0,2.0,0.5,4724,8.401936054229736
1,50,100,0.7,1.5,1.5,0.25,4566,16.69066834449768
1,50,100,0.7,1.5,1.5,0.5,4605,16.763699769973755
1,50,100,0.7,1.5,2.0,0.5,4784,16.65162467956543
1,50,100,0.7,1.5,2.0,0.25,4554,16.774487495422363
1,50,100,0.7,2.0,1.5,0.25,4731,16.868200540542603
1,50,100,0.7,2.0,1.5,0.5,4691,17.103041887283325
1,50,100,0.7,2.0,2.0,0.5,4945,16.93246293067932
1,50,100,0.7,2.0,2.0,0.25,4748,17.0789532661438
1,50,100,0.9,1.5,1.5,0.25,4530,16.787670612335205
1,50,100,0.9,1.5,1.5,0.5,4790,16.894299507141113
1,50,100,0.9,1.5,2.0,0.25,4734,16.82190728187561
1,50,100,0.9,1.5,2.0,0.5,4730,16.745058298110962
1,50,100,0.9,2.0,1.5,0.25,4577,16.546145915985107
1,50,100,0.9,2.0,2.0,0.25,4412,16.612582683563232
1,50,100,0.9,2.0,2.0,0.5,4679,16.598803520202637
1,50,100,0.9,2.0,1.5,0.5,4804,16.83552575111389
1,50,150,0.7,1.5,1.5,0.25,4570,24.926626920700073
1,50,150,0.7,1.5,1.5,0.5,4591,24.98582911491394
1,50,150,0.7,1.5,2.0,0.25,4577,24.96336555480957
1,50,150,0.7,1.5,2.0,0.5,4848,25.086368322372437
1,50,150,0.7,2.0,1.5,0.25,4536,25.087236166000366
1,50,150,0.7,2.0,2.0,0.25,4582,25.069697856903076
1,50,150,0.7,2.0,2.0,0.5,4882,25.125144481658936
1,50,150,0.7,2.0,1.5,0.5,4765,25.285157442092896
1,50,150,0.9,1.5,1.5,0.25,4552,24.9705708026886
1,50,150,0.9,1.5,1.5,0.5,4913,24.991549968719482
1,50,150,0.9,1.5,2.0,0.5,4890,25.006269931793213
1,50,150,0.9,1.5,2.0,0.25,4532,25.088263034820557
1,50,150,0.9,2.0,1.5,0.25,4568,25.32586979866028
1,50,150,0.9,2.0,1.5,0.5,4596,25.7243549823761
1,50,150,0.9,2.0,2.0,0.25,4534,25.58963108062744
1,50,150,0.9,2.0,2.0,0.5,4647,25.58449411392212
2,20,50,0.7,1.5,1.5,0.25,4496,3.5112013816833496
2,20,50,0.7,1.5,1.5,0.5,4570,3.6535263061523438
2,20,50,0.7,1.5,2.0,0.25,4406,3.6161434650421143
2,20,50,0.7,1.5,2.0,0.5,4441,3.629711389541626
2,20,50,0.7,2.0,1.5,0.25,4485,3.7679154872894287
2,20,50,0.7,2.0,1.5,0.5,4726,3.7394368648529053
2,20,50,0.7,2.0,2.0,0.25,4505,3.70918607711792
2,20,50,0.7,2.0,2.0,0.5,4740,3.7375688552856445
2,20,50,0.9,1.5,1.5,0.25,4611,3.886268377304077
2,20,50,0.9,1.5,1.5,0.5,4565,4.195855140686035
2,20,50,0.9,1.5,2.0,0.25,4431,4.249367952346802
2,20,50,0.9,1.5,2.0,0.5,4760,4.252695560455322
2,20,50,0.9,2.0,1.5,0.25,4530,3.8476810455322266
2,20,50,0.9,2.0,1.5,0.5,4706,3.5481433868408203
2,20,50,0.9,2.0,2.0,0.25,4595,3.5628139972686768
2,20,50,0.9,2.0,2.0,0.5,4773,3.5104756355285645
2,20,100,0.7,1.5,1.5,0.25,4489,7.14008641242981
2,20,100,0.7,1.5,1.5,0.5,4486,7.125399589538574
2,20,100,0.7,1.5,2.0,0.25,4290,7.037580490112305
2,20,100,0.7,1.5,2.0,0.5,4494,7.125756502151489
2,20,100,0.7,2.0,1.5,0.25,4473,7.378522872924805
2,20,100,0.7,2.0,1.5,0.5,4502,7.389341115951538
2,20,100,0.7,2.0,2.0,0.5,4525,7.344278812408447
2,20,100,0.7,2.0,2.0,0.25,4271,7.490147590637207
2,20,100,0.9,1.5,1.5,0.25,4383,6.837046146392822
2,20,100,0.9,1.5,2.0,0.25,4506,6.700974225997925
2,20,100,0.9,1.5,1.5,0.5,4704,6.812717914581299
2,20,100,0.9,1.5,2.0,0.5,4707,6.8630053997039795
2,20,100,0.9,2.0,1.5,0.25,4354,7.129601716995239
2,20,100,0.9,2.0,1.5,0.5,4738,364.0188066959381
2,20,100,0.9,2.0,2.0,0.25,4528,364.0567831993103
2,20,100,0.9,2.0,2.0,0.5,4884,363.9151611328125
2,20,150,0.7,1.5,1.5,0.25,4424,367.618136882782
2,20,150,0.7,1.5,1.5,0.5,4547,10.928483724594116
2,20,150,0.7,1.5,2.0,0.25,4426,10.927524089813232
2,20,150,0.7,1.5,2.0,0.5,4448,10.886155605316162
2,20,150,0.7,2.0,1.5,0.25,4359,10.943143129348755
2,20,150,0.7,2.0,1.5,0.5,4507,11.42992091178894
2,20,150,0.7,2.0,2.0,0.5,4427,11.391421794891357
2,20,150,0.7,2.0,2.0,0.25,4390,11.533945560455322
2,20,150,0.9,1.5,1.5,0.25,4504,11.92503833770752
2,20,150,0.9,1.5,1.5,0.5,4766,11.63588809967041
2,20,150,0.9,1.5,2.0,0.25,4426,11.715677499771118
2,20,150,0.9,1.5,2.0,0.5,4872,11.626706600189209
2,20,150,0.9,2.0,1.5,0.25,4474,11.61446475982666
2,20,150,0.9,2.0,1.5,0.5,4659,11.847148656845093
2,20,150,0.9,2.0,2.0,0.25,4421,11.786445379257202
2,20,150,0.9,2.0,2.0,0.5,4770,11.854140281677246
2,30,50,0.7,1.5,1.5,0.25,4441,5.89626932144165
2,30,50,0.7,1.5,1.5,0.5,4572,5.96720552444458
2,30,50,0.7,1.5,2.0,0.25,4513,6.002256155014038
2,30,50,0.7,1.5,2.0,0.5,4810,5.979632377624512
2,30,50,0.7,2.0,1.5,0.25,4361,6.096165418624878
2,30,50,0.7,2.0,2.0,0.25,4565,5.662831544876099
2,30,50,0.7,2.0,1.5,0.5,4622,5.789233684539795
2,30,50,0.7,2.0,2.0,0.5,4563,5.7570366859436035
2,30,50,0.9,1.5,1.5,0.25,4452,6.12993597984314
2,30,50,0.9,1.5,1.5,0.5,4632,6.352563858032227
2,30,50,0.9,1.5,2.0,0.25,4554,6.477025985717773
2,30,50,0.9,1.5,2.0,0.5,4602,6.389275550842285
2,30,50,0.9,2.0,1.5,0.25,4575,6.710254907608032
2,30,50,0.9,2.0,1.5,0.5,4598,6.336629390716553
2,30,50,0.9,2.0,2.0,0.25,4541,6.3092734813690186
2,30,50,0.9,2.0,2.0,0.5,4777,6.310670375823975
2,30,100,0.7,1.5,1.5,0.25,4426,11.508766412734985
2,30,100,0.7,1.5,1.5,0.5,4468,12.158337593078613
2,30,100,0.7,1.5,2.0,0.25,4477,12.093287467956543
2,30,100,0.7,1.5,2.0,0.5,4441,12.04312539100647
2,30,100,0.7,2.0,1.5,0.25,4336,12.048636436462402
2,30,100,0.7,2.0,1.5,0.5,4379,11.124908208847046
2,30,100,0.7,2.0,2.0,0.25,4287,11.22252869606018
2,30,100,0.7,2.0,2.0,0.5,4709,11.279307126998901
2,30,100,0.9,1.5,1.5,0.25,4533,9.689992666244507
2,30,100,0.9,1.5,1.5,0.5,4720,9.75718879699707
2,30,100,0.9,1.5,2.0,0.25,4443,9.772696018218994
2,30,100,0.9,1.5,2.0,0.5,4971,9.716840028762817
2,30,100,0.9,2.0,1.5,0.25,4355,12.008499383926392
2,30,100,0.9,2.0,1.5,0.5,4592,12.34605884552002
2,30,100,0.9,2.0,2.0,0.5,4777,12.412365674972534
2,30,100,0.9,2.0,2.0,0.25,4429,12.523966312408447
2,30,150,0.7,1.5,1.5,0.25,4297,15.813425540924072
2,30,150,0.7,1.5,1.5,0.5,4446,15.471147060394287
2,30,150,0.7,1.5,2.0,0.25,4414,15.497974634170532
2,30,150,0.7,1.5,2.0,0.5,4637,15.492661714553833
2,30,150,0.7,2.0,1.5,0.25,4331,14.64532732963562
2,30,150,0.7,2.0,1.5,0.5,4501,14.736331939697266
2,30,150,0.7,2.0,2.0,0.25,4401,14.546296834945679
2,30,150,0.7,2.0,2.0,0.5,4329,14.803261041641235
2,30,150,0.9,1.5,1.5,0.25,4105,14.641237020492554
2,30,150,0.9,1.5,1.5,0.5,4644,14.635005950927734
2,30,150,0.9,1.5,2.0,0.25,4364,14.768110275268555
2,30,150,0.9,1.5,2.0,0.5,4602,14.813925504684448
2,30,150,0.9,2.0,1.5,0.25,4489,15.105626106262207
2,30,150,0.9,2.0,1.5,0.5,4273,14.9955894947052
2,30,150,0.9,2.0,2.0,0.25,4408,15.120720148086548
2,30,150,0.9,2.0,2.0,0.5,4618,14.962677955627441
2,50,50,0.7,1.5,1.5,0.25,4382,8.308467864990234
2,50,50,0.7,1.5,1.5,0.5,4300,8.38883924484253
2,50,50,0.7,1.5,2.0,0.25,4438,8.353137731552124
2,50,50,0.7,1.5,2.0,0.5,4461,8.341779947280884
2,50,50,0.7,2.0,1.5,0.25,4491,8.248908042907715
2,50,50,0.7,2.0,1.5,0.5,4658,8.144126415252686
2,50,50,0.7,2.0,2.0,0.25,4331,8.272433757781982
2,50,50,0.7,2.0,2.0,0.5,4551,8.17038106918335
2,50,50,0.9,1.5,1.5,0.25,4282,8.141740322113037
2,50,50,0.9,1.5,1.5,0.5,4583,8.156949281692505
2,50,50,0.9,1.5,2.0,0.25,4394,8.16739273071289
2,50,50,0.9,1.5,2.0,0.5,4592,8.187799215316772
2,50,50,0.9,2.0,1.5,0.25,4397,8.194520235061646
2,50,50,0.9,2.0,1.5,0.5,4691,8.167788743972778
2,50,50,0.9,2.0,2.0,0.25,4332,8.256007432937622
2,50,50,0.9,2.0,2.0,0.5,4820,8.237719297409058
2,50,100,0.7,1.5,1.5,0.25,4429,16.385778427124023
2,50,100,0.7,1.5,1.5,0.5,4538,16.330578088760376
2,50,100,0.7,1.5,2.0,0.25,4355,16.571502447128296
2,50,100,0.7,1.5,2.0,0.5,4575,16.564935445785522
2,50,100,0.7,2.0,1.5,0.25,4535,16.536840677261353
2,50,100,0.7,2.0,1.5,0.5,4689,16.581480979919434
2,50,100,0.7,2.0,2.0,0.25,4413,16.735774993896484
2,50,100,0.7,2.0,2.0,0.5,4632,16.777487754821777
2,50,100,0.9,1.5,1.5,0.25,4352,16.591471910476685
2,50,100,0.9,1.5,1.5,0.5,4565,16.680408716201782
2,50,100,0.9,1.5,2.0,0.25,4386,16.68043065071106
2,50,100,0.9,1.5,2.0,0.5,4631,16.65940260887146
2,50,100,0.9,2.0,1.5,0.25,4466,16.367353916168213
2,50,100,0.9,2.0,1.5,0.5,4536,16.620957374572754
2,50,100,0.9,2.0,2.0,0.5,4678,16.425745248794556
2,50,100,0.9,2.0,2.0,0.25,4309,16.651164531707764
2,50,150,0.7,1.5,1.5,0.25,4319,28.447516441345215
2,50,150,0.7,1.5,1.5,0.5,4356,28.246240854263306
2,50,150,0.7,1.5,2.0,0.5,4362,28.2417049407959
2,50,150,0.7,1.5,2.0,0.25,4360,28.490926504135132
2,50,150,0.7,2.0,1.5,0.25,4353,25.00398874282837
2,50,150,0.7,2.0,1.5,0.5,4431,25.16747736930847
2,50,150,0.7,2.0,2.0,0.5,4618,25.206007957458496
2,50,150,0.7,2.0,2.0,0.25,4522,25.31056547164917
2,50,150,0.9,1.5,1.5,0.25,4500,25.19340443611145
2,50,150,0.9,1.5,1.5,0.5,4742,25.292191982269287
2,50,150,0.9,1.5,2.0,0.5,4737,25.182262420654297
2,50,150,0.9,1.5,2.0,0.25,4329,25.245665311813354
2,50,150,0.9,2.0,1.5,0.25,4411,25.07240390777588
2,50,150,0.9,2.0,1.5,0.5,4692,25.105600118637085
2,50,150,0.9,2.0,2.0,0.25,4377,25.1065776348114
2,50,150,0.9,2.0,2.0,0.5,4595,25.091049671173096
3,20,50,0.7,1.5,1.5,0.25,4575,3.3194034099578857
3,20,50,0.7,1.5,1.5,0.5,4746,3.3690221309661865
3,20,50,0.7,1.5,2.0,0.25,4640,3.3036818504333496
3,20,50,0.7,1.5,2.0,0.5,4614,3.330510139465332
3,20,50,0.7,2.0,1.5,0.25,4492,3.340590715408325
3,20,50,0.7,2.0,1.5,0.5,4767,3.319692611694336
3,20,50,0.7,2.0,2.0,0.5,4584,3.3038902282714844
3,20,50,0.7,2.0,2.0,0.25,4416,3.3462281227111816
3,20,50,0.9,1.5,1.5,0.25,4571,3.3295254707336426
3,20,50,0.9,1.5,1.5,0.5,4618,3.3101279735565186
3,20,50,0.9,1.5,2.0,0.5,4670,3.288069009780884
3,20,50,0.9,2.0,1.5,0.25,4546,3.296617031097412
3,20,50,0.9,1.5,2.0,0.25,4602,3.3624353408813477
3,20,50,0.9,2.0,1.5,0.5,4776,3.3087189197540283
3,20,50,0.9,2.0,2.0,0.25,4516,3.3089797496795654
3,20,50,0.9,2.0,2.0,0.5,4765,3.3739209175109863
3,20,100,0.7,1.5,1.5,0.25,4323,6.999575138092041
3,20,100,0.7,1.5,1.5,0.5,4558,6.959099769592285
3,20,100,0.7,1.5,2.0,0.25,4539,6.93683123588562
3,20,100,0.7,1.5,2.0,0.5,4768,6.94634485244751
3,20,100,0.7,2.0,1.5,0.25,4608,6.755141973495483
3,20,100,0.7,2.0,1.5,0.5,4577,6.698955774307251
3,20,100,0.7,2.0,2.0,0.25,4406,6.7090301513671875
3,20,100,0.7,2.0,2.0,0.5,4680,6.692118167877197
3,20,100,0.9,1.5,1.5,0.25,4469,6.656361103057861
3,20,100,0.9,1.5,1.5,0.5,4606,6.706240177154541
3,20,100,0.9,1.5,2.0,0.25,4488,6.660999774932861
3,20,100,0.9,1.5,2.0,0.5,4925,6.687313795089722
3,20,100,0.9,2.0,1.5,0.25,4562,6.7857887744903564
3,20,100,0.9,2.0,1.5,0.5,4782,6.734699010848999
3,20,100,0.9,2.0,2.0,0.25,4573,6.694278717041016
3,20,100,0.9,2.0,2.0,0.5,4792,6.693417549133301
3,20,150,0.7,1.5,1.5,0.25,4409,10.128137111663818
3,20,150,0.7,1.5,1.5,0.5,4512,10.120558261871338
3,20,150,0.7,1.5,2.0,0.25,4338,10.061424493789673
3,20,150,0.7,1.5,2.0,0.5,4606,10.066564798355103
3,20,150,0.7,2.0,1.5,0.25,4479,10.084615707397461
3,20,150,0.7,2.0,1.5,0.5,4528,10.132172107696533
3,20,150,0.7,2.0,2.0,0.25,4306,10.230939865112305
3,20,150,0.7,2.0,2.0,0.5,4592,10.216699600219727
3,20,150,0.9,1.5,1.5,0.25,4460,10.23282527923584
3,20,150,0.9,1.5,1.5,0.5,4725,10.118314266204834
3,20,150,0.9,1.5,2.0,0.5,4738,10.06778621673584
3,20,150,0.9,1.5,2.0,0.25,4368,10.220702648162842
3,20,150,0.9,2.0,1.5,0.25,4448,10.116571187973022
3,20,150,0.9,2.0,1.5,0.5,4697,10.034690380096436
3,20,150,0.9,2.0,2.0,0.25,4447,10.10669469833374
3,20,150,0.9,2.0,2.0,0.5,4645,10.09987998008728
3,30,50,0.7,1.5,1.5,0.25,4638,4.990294933319092
3,30,50,0.7,1.5,1.5,0.5,4545,5.100489854812622
3,30,50,0.7,1.5,2.0,0.25,4597,4.977855443954468
3,30,50,0.7,1.5,2.0,0.5,4585,5.087754487991333
3,30,50,0.7,2.0,1.5,0.25,4577,5.113505840301514
3,30,50,0.7,2.0,1.5,0.5,4551,5.1233110427856445
3,30,50,0.7,2.0,2.0,0.25,4547,5.156288385391235
3,30,50,0.7,2.0,2.0,0.5,4708,5.115738153457642
3,30,50,0.9,1.5,1.5,0.25,4489,5.107815265655518
3,30,50,0.9,1.5,1.5,0.5,4863,5.083158731460571
3,30,50,0.9,1.5,2.0,0.25,4557,5.049291133880615
3,30,50,0.9,1.5,2.0,0.5,4687,5.045372009277344
3,30,50,0.9,2.0,1.5,0.25,4477,5.00522255897522
3,30,50,0.9,2.0,1.5,0.5,4779,5.066324472427368
3,30,50,0.9,2.0,2.0,0.25,4527,5.070022106170654
3,30,50,0.9,2.0,2.0,0.5,4838,5.049671411514282
3,30,100,0.7,1.5,1.5,0.25,4562,10.196029424667358
3,30,100,0.7,1.5,1.5,0.5,4538,10.166035652160645
3,30,100,0.7,1.5,2.0,0.25,4393,10.112274408340454
3,30,100,0.7,1.5,2.0,0.5,4706,10.133509874343872
3,30,100,0.7,2.0,1.5,0.25,4343,10.201393127441406
3,30,100,0.7,2.0,1.5,0.5,4350,10.236809253692627
3,30,100,0.7,2.0,2.0,0.25,4618,10.146207571029663
3,30,100,0.7,2.0,2.0,0.5,4657,10.310962677001953
3,30,100,0.9,1.5,1.5,0.25,4518,10.269201278686523
3,30,100,0.9,1.5,1.5,0.5,4871,10.242387533187866
3,30,100,0.9,1.5,2.0,0.25,4494,10.299899339675903
3,30,100,0.9,1.5,2.0,0.5,4826,10.378451824188232
3,30,100,0.9,2.0,1.5,0.25,4483,10.470035076141357
3,30,100,0.9,2.0,1.5,0.5,4697,10.40518069267273
3,30,100,0.9,2.0,2.0,0.25,4470,10.384010076522827
3,30,100,0.9,2.0,2.0,0.5,4736,10.354973793029785
3,30,150,0.7,1.5,1.5,0.25,4199,15.223936080932617
3,30,150,0.7,1.5,1.5,0.5,4517,15.514700174331665
3,30,150,0.7,1.5,2.0,0.25,4389,15.318811178207397
3,30,150,0.7,1.5,2.0,0.5,4475,15.504692316055298
3,30,150,0.7,2.0,1.5,0.25,4426,15.395011186599731
3,30,150,0.7,2.0,1.5,0.5,4436,14.981574535369873
3,30,150,0.7,2.0,2.0,0.25,4438,15.039412498474121
3,30,150,0.7,2.0,2.0,0.5,4567,15.237388849258423
3,30,150,0.9,1.5,1.5,0.25,4538,15.186474561691284
3,30,150,0.9,1.5,1.5,0.5,4677,15.044891119003296
3,30,150,0.9,1.5,2.0,0.25,4458,15.035861015319824
3,30,150,0.9,1.5,2.0,0.5,4619,15.179330825805664
3,30,150,0.9,2.0,1.5,0.25,4364,15.346270084381104
3,30,150,0.9,2.0,1.5,0.5,4774,15.34946322441101
3,30,150,0.9,2.0,2.0,0.25,4454,15.238898038864136
3,30,150,0.9,2.0,2.0,0.5,4602,15.313606977462769
3,50,50,0.7,1.5,1.5,0.25,4286,8.447774887084961
3,50,50,0.7,1.5,1.5,0.5,4550,8.591755151748657
3,50,50,0.7,1.5,2.0,0.25,4235,8.489102125167847
3,50,50,0.7,1.5,2.0,0.5,4693,8.538668632507324
3,50,50,0.7,2.0,1.5,0.25,4434,8.486934900283813
3,50,50,0.7,2.0,1.5,0.5,4600,8.500734090805054
3,50,50,0.7,2.0,2.0,0.25,4572,8.511852264404297
3,50,50,0.7,2.0,2.0,0.5,4642,8.466908931732178
3,50,50,0.9,1.5,1.5,0.25,4567,8.632298469543457
3,50,50,0.9,1.5,1.5,0.5,4547,8.691376686096191
3,50,50,0.9,1.5,2.0,0.25,4476,8.634833812713623
3,50,50,0.9,1.5,2.0,0.5,4792,8.590105772018433
3,50,50,0.9,2.0,1.5,0.25,4285,8.617133378982544
3,50,50,0.9,2.0,1.5,0.5,4631,8.518899917602539
3,50,50,0.9,2.0,2.0,0.25,4571,8.532602548599243
3,50,50,0.9,2.0,2.0,0.5,4772,8.613994836807251
3,50,100,0.7,1.5,1.5,0.25,4500,17.024492979049683
3,50,100,0.7,1.5,1.5,0.5,4594,17.100780487060547
3,50,100,0.7,1.5,2.0,0.25,4307,17.05990433692932
3,50,100,0.7,1.5,2.0,0.5,4618,17.079551696777344
3,50,100,0.7,2.0,1.5,0.25,4429,16.917927265167236
3,50,100,0.7,2.0,1.5,0.5,4440,16.935803651809692
3,50,100,0.7,2.0,2.0,0.25,4409,16.897386074066162
3,50,100,0.7,2.0,2.0,0.5,4528,17.027023553848267
3,50,100,0.9,1.5,1.5,0.25,4260,17.205777406692505
3,50,100,0.9,1.5,1.5,0.5,4663,17.17539358139038
3,50,100,0.9,1.5,2.0,0.25,4429,17.03722596168518
3,50,100,0.9,1.5,2.0,0.5,4479,17.23349642753601
3,50,100,0.9,2.0,1.5,0.25,4532,17.00344467163086
3,50,100,0.9,2.0,1.5,0.5,4709,16.95501732826233
3,50,100,0.9,2.0,2.0,0.25,4420,16.9638934135437
3,50,100,0.9,2.0,2.0,0.5,4623,17.0017306804657
3,50,150,0.7,1.5,1.5,0.25,4154,25.34878444671631
3,50,150,0.7,1.5,1.5,0.5,4392,25.42931365966797
3,50,150,0.7,1.5,2.0,0.25,4328,25.38394522666931
3,50,150,0.7,1.5,2.0,0.5,4592,25.552162647247314
3,50,150,0.7,2.0,1.5,0.25,4454,25.680253505706787
3,50,150,0.7,2.0,1.5,0.5,4606,25.61856460571289
3,50,150,0.7,2.0,2.0,0.25,4430,25.509767770767212
3,50,150,0.7,2.0,2.0,0.5,4653,25.622666597366333
3,50,150,0.9,1.5,1.5,0.25,4522,25.809993982315063
3,50,150,0.9,1.5,2.0,0.25,4375,25.344467878341675
3,50,150,0.9,1.5,1.5,0.5,4778,25.609238624572754
3,50,150,0.9,1.5,2.0,0.5,4652,25.55579447746277
3,50,150,0.9,2.0,1.5,0.25,4354,25.62296152114868
3,50,150,0.9,2.0,1.5,0.5,4801,25.362321376800537
3,50,150,0.9,2.0,2.0,0.25,4578,25.501872539520264
4,20,50,0.7,1.5,1.5,0.25,4631,3.330533742904663
3,50,150,0.9,2.0,2.0,0.5,4634,25.52850842475891
4,20,50,0.7,1.5,1.5,0.5,4792,3.3610966205596924
4,20,50,0.7,1.5,2.0,0.25,4565,3.357454299926758
4,20,50,0.7,1.5,2.0,0.5,4774,3.410080909729004
4,20,50,0.7,2.0,1.5,0.25,4534,3.4235146045684814
4,20,50,0.7,2.0,1.5,0.5,4806,3.445782423019409
4,20,50,0.7,2.0,2.0,0.25,4769,3.431830883026123
4,20,50,0.7,2.0,2.0,0.5,4642,3.3824901580810547
4,20,50,0.9,1.5,1.5,0.25,4518,3.427680730819702
4,20,50,0.9,1.5,1.5,0.5,4656,3.4061379432678223
4,20,50,0.9,1.5,2.0,0.25,4254,3.5332717895507812
4,20,50,0.9,1.5,2.0,0.5,4798,3.3937926292419434
4,20,50,0.9,2.0,1.5,0.25,4653,3.420393228530884
4,20,50,0.9,2.0,1.5,0.5,4841,3.395308256149292
4,20,50,0.9,2.0,2.0,0.25,4728,3.4794936180114746
4,20,50,0.9,2.0,2.0,0.5,4734,3.3836288452148438
4,20,100,0.7,1.5,1.5,0.25,4609,6.896326780319214
4,20,100,0.7,1.5,1.5,0.5,4633,6.847484350204468
4,20,100,0.7,1.5,2.0,0.25,4717,6.891350269317627
4,20,100,0.7,1.5,2.0,0.5,4746,6.825488090515137
4,20,100,0.7,2.0,1.5,0.25,4575,6.839998960494995
4,20,100,0.7,2.0,1.5,0.5,4604,6.793479919433594
4,20,100,0.7,2.0,2.0,0.25,4616,6.742335319519043
4,20,100,0.7,2.0,2.0,0.5,4744,6.8584253787994385
4,20,100,0.9,1.5,1.5,0.25,4725,6.699570655822754
4,20,100,0.9,1.5,1.5,0.5,4713,6.661012887954712
4,20,100,0.9,1.5,2.0,0.25,4718,6.774646043777466
4,20,100,0.9,1.5,2.0,0.5,5128,6.797348737716675
4,20,100,0.9,2.0,1.5,0.25,4560,6.748376369476318
4,20,100,0.9,2.0,1.5,0.5,4853,6.769668817520142
4,20,100,0.9,2.0,2.0,0.25,4749,6.751497268676758
4,20,100,0.9,2.0,2.0,0.5,4882,6.791597843170166
4,20,150,0.7,1.5,1.5,0.25,4599,10.206966161727905
4,20,150,0.7,1.5,1.5,0.5,4680,10.110153675079346
4,20,150,0.7,1.5,2.0,0.25,4492,10.057502746582031
4,20,150,0.7,1.5,2.0,0.5,4739,10.080793142318726
4,20,150,0.7,2.0,1.5,0.25,4490,10.214874267578125
4,20,150,0.7,2.0,1.5,0.5,4740,10.119644165039062
4,20,150,0.7,2.0,2.0,0.25,4642,10.188278436660767
4,20,150,0.7,2.0,2.0,0.5,4690,10.26029658317566
4,20,150,0.9,1.5,1.5,0.25,4574,10.199587345123291
4,20,150,0.9,1.5,1.5,0.5,4833,10.003825187683105
4,20,150,0.9,1.5,2.0,0.25,4735,10.093605995178223
4,20,150,0.9,1.5,2.0,0.5,4856,10.208564043045044
4,20,150,0.9,2.0,1.5,0.25,4624,10.107473134994507
4,20,150,0.9,2.0,1.5,0.5,4740,10.062912225723267
4,20,150,0.9,2.0,2.0,0.25,4608,10.14530324935913
4,20,150,0.9,2.0,2.0,0.5,4935,10.169662475585938
4,30,50,0.7,1.5,1.5,0.25,4447,5.166237115859985
4,30,50,0.7,1.5,1.5,0.5,4870,5.0604798793792725
4,30,50,0.7,1.5,2.0,0.25,4318,5.0882248878479
4,30,50,0.7,1.5,2.0,0.5,4582,5.009639263153076
4,30,50,0.7,2.0,1.5,0.25,4580,5.144906997680664
4,30,50,0.7,2.0,1.5,0.5,4834,5.119602918624878
4,30,50,0.7,2.0,2.0,0.25,4560,5.078578948974609
4,30,50,0.7,2.0,2.0,0.5,4522,5.069286108016968
4,30,50,0.9,1.5,1.5,0.25,4575,5.133266925811768
4,30,50,0.9,1.5,1.5,0.5,4777,5.1110289096832275
4,30,50,0.9,1.5,2.0,0.25,4516,5.13781476020813
4,30,50,0.9,1.5,2.0,0.5,5129,5.099092960357666
4,30,50,0.9,2.0,1.5,0.25,4556,5.158836364746094
4,30,50,0.9,2.0,1.5,0.5,4937,5.099579095840454
4,30,50,0.9,2.0,2.0,0.25,4603,5.125432729721069
4,30,50,0.9,2.0,2.0,0.5,4809,5.332054376602173
4,30,100,0.7,1.5,1.5,0.25,4474,10.657340288162231
4,30,100,0.7,1.5,1.5,0.5,4564,10.577380418777466
4,30,100,0.7,1.5,2.0,0.25,4606,10.576302289962769
4,30,100,0.7,1.5,2.0,0.5,4752,10.39182162284851
4,30,100,0.7,2.0,1.5,0.25,4566,10.166150569915771
4,30,100,0.7,2.0,1.5,0.5,4713,10.003192901611328
4,30,100,0.7,2.0,2.0,0.25,4661,10.043726921081543
4,30,100,0.7,2.0,2.0,0.5,4623,10.110169887542725
4,30,100,0.9,1.5,1.5,0.25,4573,10.199310779571533
4,30,100,0.9,1.5,1.5,0.5,4721,10.123805046081543
4,30,100,0.9,1.5,2.0,0.25,4678,10.214242458343506
4,30,100,0.9,1.5,2.0,0.5,4807,10.192772150039673
4,30,100,0.9,2.0,1.5,0.25,4535,10.083323955535889
4,30,100,0.9,2.0,1.5,0.5,4679,10.06527853012085
4,30,100,0.9,2.0,2.0,0.25,4657,10.135763883590698
4,30,100,0.9,2.0,2.0,0.5,4861,10.28142237663269
4,30,150,0.7,1.5,1.5,0.25,4484,15.115944862365723
4,30,150,0.7,1.5,1.5,0.5,4655,15.015541553497314
4,30,150,0.7,1.5,2.0,0.25,4490,15.085458517074585
4,30,150,0.7,1.5,2.0,0.5,4673,15.220974445343018
4,30,150,0.7,2.0,1.5,0.25,4528,14.9931640625
4,30,150,0.7,2.0,1.5,0.5,4622,14.984365701675415
4,30,150,0.7,2.0,2.0,0.25,4453,14.997551679611206
4,30,150,0.7,2.0,2.0,0.5,4765,15.22151803970337
4,30,150,0.9,1.5,1.5,0.25,4606,15.104685306549072
4,30,150,0.9,1.5,1.5,0.5,4823,15.01606297492981
4,30,150,0.9,1.5,2.0,0.25,4474,15.137573003768921
4,30,150,0.9,1.5,2.0,0.5,4928,15.097395896911621
4,30,150,0.9,2.0,1.5,0.5,4816,14.865863800048828
4,30,150,0.9,2.0,1.5,0.25,4503,15.031314373016357
4,30,150,0.9,2.0,2.0,0.25,4641,15.033284187316895
4,30,150,0.9,2.0,2.0,0.5,4569,15.00256061553955
4,50,50,0.7,1.5,1.5,0.25,4464,8.38503360748291
4,50,50,0.7,1.5,1.5,0.5,4631,8.333831071853638
4,50,50,0.7,1.5,2.0,0.25,4541,8.400126218795776
4,50,50,0.7,1.5,2.0,0.5,4460,8.464916467666626
4,50,50,0.7,2.0,1.5,0.5,4542,8.19912052154541
4,50,50,0.7,2.0,1.5,0.25,4337,8.349547863006592
4,50,50,0.7,2.0,2.0,0.25,4349,8.39264965057373
4,50,50,0.7,2.0,2.0,0.5,4906,8.380924224853516
4,50,50,0.9,1.5,1.5,0.25,4662,8.3246591091156
4,50,50,0.9,1.5,1.5,0.5,4862,8.306499242782593
4,50,50,0.9,1.5,2.0,0.25,4660,8.297517776489258
4,50,50,0.9,1.5,2.0,0.5,4776,8.359535455703735
4,50,50,0.9,2.0,1.5,0.25,4492,8.420546531677246
4,50,50,0.9,2.0,1.5,0.5,4843,8.349221229553223
4,50,50,0.9,2.0,2.0,0.25,4516,8.475969552993774
4,50,50,0.9,2.0,2.0,0.5,5023,8.43664813041687
4,50,100,0.7,1.5,1.5,0.5,4633,16.62601947784424
4,50,100,0.7,1.5,1.5,0.25,4478,16.662375688552856
4,50,100,0.7,1.5,2.0,0.25,4529,16.749047994613647
4,50,100,0.7,1.5,2.0,0.5,4699,16.688051223754883
4,50,100,0.7,2.0,1.5,0.25,4595,16.604340076446533
4,50,100,0.7,2.0,1.5,0.5,4584,16.601698398590088
4,50,100,0.7,2.0,2.0,0.25,4561,16.77290368080139
4,50,100,0.7,2.0,2.0,0.5,4577,16.7715322971344
4,50,100,0.9,1.5,1.5,0.5,4741,16.741193056106567
4,50,100,0.9,1.5,1.5,0.25,4583,16.855735063552856
4,50,100,0.9,1.5,2.0,0.25,4578,16.6044921875
4,50,100,0.9,1.5,2.0,0.5,4768,16.46454119682312
4,50,100,0.9,2.0,1.5,0.25,4421,16.767944812774658
4,50,100,0.9,2.0,1.5,0.5,4740,16.72001814842224
4,50,100,0.9,2.0,2.0,0.25,4428,16.64094042778015
4,50,100,0.9,2.0,2.0,0.5,4681,16.86960792541504
4,50,150,0.7,1.5,1.5,0.25,4573,25.115865230560303
4,50,150,0.7,1.5,1.5,0.5,4761,25.121433973312378
4,50,150,0.7,1.5,2.0,0.25,4610,24.91737389564514
4,50,150,0.7,1.5,2.0,0.5,4709,25.18789052963257
4,50,150,0.7,2.0,1.5,0.5,4641,24.818711280822754
4,50,150,0.7,2.0,1.5,0.25,4561,24.923020839691162
4,50,150,0.7,2.0,2.0,0.25,4551,24.96601676940918
4,50,150,0.7,2.0,2.0,0.5,4547,25.033575296401978
4,50,150,0.9,1.5,1.5,0.25,4588,25.047372341156006
4,50,150,0.9,1.5,1.5,0.5,4583,25.03563094139099
4,50,150,0.9,1.5,2.0,0.25,4552,25.15415048599243
4,50,150,0.9,1.5,2.0,0.5,4793,24.92525863647461
4,50,150,0.9,2.0,1.5,0.25,4559,24.991809368133545
4,50,150,0.9,2.0,1.5,0.5,4566,25.063920259475708
4,50,150,0.9,2.0,2.0,0.25,4655,25.012441873550415
5,20,50,0.7,1.5,1.5,0.25,4702,3.29495906829834
5,20,50,0.7,1.5,1.5,0.5,4894,3.3055379390716553
4,50,150,0.9,2.0,2.0,0.5,4505,25.073319673538208
5,20,50,0.7,1.5,2.0,0.25,4770,3.3696722984313965
5,20,50,0.7,1.5,2.0,0.5,4877,3.330359935760498
5,20,50,0.7,2.0,1.5,0.25,4735,3.3791537284851074
5,20,50,0.7,2.0,1.5,0.5,4793,3.3952817916870117
5,20,50,0.7,2.0,2.0,0.25,4806,3.416334867477417
5,20,50,0.7,2.0,2.0,0.5,4700,3.358609437942505
5,20,50,0.9,1.5,1.5,0.25,4747,3.316575288772583
5,20,50,0.9,1.5,1.5,0.5,4880,3.37243914604187
5,20,50,0.9,1.5,2.0,0.25,4735,3.3501217365264893
5,20,50,0.9,1.5,2.0,0.5,4872,3.5045769214630127
5,20,50,0.9,2.0,1.5,0.25,4637,3.598283529281616
5,20,50,0.9,2.0,1.5,0.5,4900,3.5764524936676025
5,20,50,0.9,2.0,2.0,0.25,4689,3.521491527557373
5,20,50,0.9,2.0,2.0,0.5,5019,3.4171128273010254
5,20,100,0.7,1.5,1.5,0.25,4740,6.672530651092529
5,20,100,0.7,1.5,1.5,0.5,4641,6.746456623077393
5,20,100,0.7,1.5,2.0,0.25,4527,6.783308506011963
5,20,100,0.7,1.5,2.0,0.5,4801,6.745792627334595
5,20,100,0.7,2.0,1.5,0.25,4739,6.723472833633423
5,20,100,0.7,2.0,1.5,0.5,4739,6.7803120613098145
5,20,100,0.7,2.0,2.0,0.25,4658,6.754978656768799
5,20,100,0.7,2.0,2.0,0.5,4807,6.684904098510742
5,20,100,0.9,1.5,1.5,0.25,4821,6.816313982009888
5,20,100,0.9,1.5,1.5,0.5,4818,6.796879053115845
5,20,100,0.9,1.5,2.0,0.25,4449,6.653491973876953
5,20,100,0.9,1.5,2.0,0.5,4900,6.7142252922058105
5,20,100,0.9,2.0,1.5,0.25,4566,6.7044267654418945
5,20,100,0.9,2.0,1.5,0.5,4809,6.653998136520386
5,20,100,0.9,2.0,2.0,0.25,4635,6.710676431655884
5,20,100,0.9,2.0,2.0,0.5,4678,6.627377986907959
5,20,150,0.7,1.5,1.5,0.25,4682,10.065066576004028
5,20,150,0.7,1.5,1.5,0.5,4463,10.070310831069946
5,20,150,0.7,1.5,2.0,0.25,4651,10.014667272567749
5,20,150,0.7,1.5,2.0,0.5,4669,9.846288204193115
5,20,150,0.7,2.0,1.5,0.25,4569,10.048013687133789
5,20,150,0.7,2.0,1.5,0.5,4777,10.046101570129395
5,20,150,0.7,2.0,2.0,0.25,4587,10.15775465965271
5,20,150,0.7,2.0,2.0,0.5,4772,10.135103702545166
5,20,150,0.9,1.5,1.5,0.25,4532,10.225956916809082
5,20,150,0.9,1.5,1.5,0.5,4753,10.280850887298584
5,20,150,0.9,1.5,2.0,0.25,4671,10.283963203430176
5,20,150,0.9,1.5,2.0,0.5,4624,10.023690223693848
5,20,150,0.9,2.0,1.5,0.25,4569,10.437498092651367
5,20,150,0.9,2.0,1.5,0.5,4739,10.357787847518921
5,20,150,0.9,2.0,2.0,0.25,4482,10.36146092414856
5,20,150,0.9,2.0,2.0,0.5,4843,10.212840795516968
5,30,50,0.7,1.5,1.5,0.25,4626,5.003057956695557
5,30,50,0.7,1.5,1.5,0.5,4774,5.011812686920166
5,30,50,0.7,1.5,2.0,0.25,4607,4.976078987121582
5,30,50,0.7,1.5,2.0,0.5,4777,4.97898530960083
5,30,50,0.7,2.0,1.5,0.25,4802,5.028693914413452
5,30,50,0.7,2.0,1.5,0.5,5005,5.049996852874756
5,30,50,0.7,2.0,2.0,0.25,4524,5.047693490982056
5,30,50,0.7,2.0,2.0,0.5,4962,5.0386292934417725
5,30,50,0.9,1.5,1.5,0.25,4700,5.005109071731567
5,30,50,0.9,1.5,1.5,0.5,4784,4.972445726394653
5,30,50,0.9,1.5,2.0,0.25,4741,5.073632717132568
5,30,50,0.9,1.5,2.0,0.5,4875,4.973628044128418
5,30,50,0.9,2.0,1.5,0.25,4672,5.021254301071167
5,30,50,0.9,2.0,1.5,0.5,4717,5.020948171615601
5,30,50,0.9,2.0,2.0,0.25,4675,5.072470426559448
5,30,50,0.9,2.0,2.0,0.5,4933,5.032193183898926
5,30,100,0.7,1.5,1.5,0.25,4524,10.054178237915039
5,30,100,0.7,1.5,1.5,0.5,4654,10.07650375366211
5,30,100,0.7,1.5,2.0,0.25,4612,9.89946436882019
5,30,100,0.7,1.5,2.0,0.5,4557,9.976348638534546
5,30,100,0.7,2.0,1.5,0.25,4664,10.061758756637573
5,30,100,0.7,2.0,1.5,0.5,4676,10.079509973526001
5,30,100,0.7,2.0,2.0,0.25,4636,10.099539756774902
5,30,100,0.7,2.0,2.0,0.5,4579,10.07861590385437
5,30,100,0.9,1.5,1.5,0.25,4537,10.237985134124756
5,30,100,0.9,1.5,1.5,0.5,4768,10.159451246261597
5,30,100,0.9,1.5,2.0,0.25,4684,10.13344693183899
5,30,100,0.9,1.5,2.0,0.5,4762,10.245154857635498
5,30,100,0.9,2.0,1.5,0.25,4750,10.2425856590271
5,30,100,0.9,2.0,1.5,0.5,4421,10.316774368286133
5,30,100,0.9,2.0,2.0,0.25,4708,10.011889934539795
5,30,100,0.9,2.0,2.0,0.5,4860,10.072027921676636
5,30,150,0.7,1.5,1.5,0.25,4508,15.160221338272095
5,30,150,0.7,1.5,1.5,0.5,4649,15.07823657989502
5,30,150,0.7,1.5,2.0,0.25,4464,15.246044158935547
5,30,150,0.7,1.5,2.0,0.5,4734,15.066044569015503
5,30,150,0.7,2.0,1.5,0.25,4520,15.174419403076172
5,30,150,0.7,2.0,1.5,0.5,4852,14.993254661560059
5,30,150,0.7,2.0,2.0,0.25,4581,14.954636335372925
5,30,150,0.7,2.0,2.0,0.5,4821,15.001041412353516
5,30,150,0.9,1.5,1.5,0.25,4700,15.00898790359497
5,30,150,0.9,1.5,1.5,0.5,4713,15.025156021118164
5,30,150,0.9,1.5,2.0,0.25,4586,15.02036738395691
5,30,150,0.9,1.5,2.0,0.5,4972,14.984307527542114
5,30,150,0.9,2.0,1.5,0.25,4610,15.554917812347412
5,30,150,0.9,2.0,1.5,0.5,4844,15.552961111068726
5,30,150,0.9,2.0,2.0,0.25,4632,15.512716054916382
5,30,150,0.9,2.0,2.0,0.5,4531,15.5374014377594
5,50,50,0.7,1.5,1.5,0.25,4552,8.416427373886108
5,50,50,0.7,1.5,1.5,0.5,4778,8.4453866481781
5,50,50,0.7,1.5,2.0,0.25,4739,8.39486289024353
5,50,50,0.7,1.5,2.0,0.5,4770,8.416093111038208
5,50,50,0.7,2.0,1.5,0.25,4455,8.439507007598877
5,50,50,0.7,2.0,1.5,0.5,4730,8.348874807357788
5,50,50,0.7,2.0,2.0,0.25,4632,8.476232767105103
5,50,50,0.7,2.0,2.0,0.5,5016,8.368974924087524
5,50,50,0.9,1.5,1.5,0.25,4574,8.376356840133667
5,50,50,0.9,1.5,1.5,0.5,4777,8.344032526016235
5,50,50,0.9,1.5,2.0,0.25,4629,8.418511629104614
5,50,50,0.9,1.5,2.0,0.5,5068,8.311262130737305
5,50,50,0.9,2.0,1.5,0.25,4680,8.389254093170166
5,50,50,0.9,2.0,1.5,0.5,4539,8.507795333862305
5,50,50,0.9,2.0,2.0,0.25,4656,8.538348913192749
5,50,50,0.9,2.0,2.0,0.5,4736,8.399179458618164
5,50,100,0.7,1.5,1.5,0.25,4633,17.104522228240967
5,50,100,0.7,1.5,1.5,0.5,4716,17.134037017822266
5,50,100,0.7,1.5,2.0,0.25,4491,16.978503465652466
5,50,100,0.7,1.5,2.0,0.5,4679,16.973606824874878
5,50,100,0.7,2.0,1.5,0.25,4521,16.66216278076172
5,50,100,0.7,2.0,1.5,0.5,4849,16.612475633621216
5,50,100,0.7,2.0,2.0,0.25,4643,16.616483449935913
5,50,100,0.7,2.0,2.0,0.5,4743,16.664185762405396
5,50,100,0.9,1.5,1.5,0.25,4558,16.73060131072998
5,50,100,0.9,1.5,1.5,0.5,4726,16.70904231071472
5,50,100,0.9,1.5,2.0,0.25,4643,16.76469373703003
5,50,100,0.9,1.5,2.0,0.5,4870,16.534399032592773
5,50,100,0.9,2.0,1.5,0.25,4627,16.627789735794067
5,50,100,0.9,2.0,1.5,0.5,4778,16.727200984954834
5,50,100,0.9,2.0,2.0,0.25,4536,16.727901220321655
5,50,100,0.9,2.0,2.0,0.5,4765,16.73058772087097
5,50,150,0.7,1.5,1.5,0.25,4425,25.074045181274414
5,50,150,0.7,1.5,1.5,0.5,4529,25.029897451400757
5,50,150,0.7,1.5,2.0,0.25,4621,25.159568309783936
5,50,150,0.7,1.5,2.0,0.5,4738,25.10077738761902
5,50,150,0.7,2.0,1.5,0.25,4600,24.968250036239624
5,50,150,0.7,2.0,1.5,0.5,4573,24.95483660697937
5,50,150,0.7,2.0,2.0,0.25,4504,24.995108604431152
5,50,150,0.7,2.0,2.0,0.5,4509,24.979814291000366
5,50,150,0.9,1.5,1.5,0.25,4580,25.14751410484314
5,50,150,0.9,1.5,1.5,0.5,4869,25.16509222984314
5,50,150,0.9,1.5,2.0,0.5,4727,24.92689824104309
5,50,150,0.9,1.5,2.0,0.25,4598,25.359830379486084
5,50,150,0.9,2.0,1.5,0.25,4505,25.065242767333984
5,50,150,0.9,2.0,1.5,0.5,4689,25.236151933670044
5,50,150,0.9,2.0,2.0,0.25,4578,24.944056510925293
5,50,150,0.9,2.0,2.0,0.5,4661,25.201222896575928
6,20,50,0.7,1.5,1.5,0.25,4697,3.3810980319976807
6,20,50,0.7,1.5,1.5,0.5,4818,3.349043130874634
6,20,50,0.7,1.5,2.0,0.25,4728,3.3466782569885254
6,20,50,0.7,1.5,2.0,0.5,4770,3.37030029296875
6,20,50,0.7,2.0,1.5,0.25,4818,3.3958568572998047
6,20,50,0.7,2.0,1.5,0.5,4991,3.3782877922058105
6,20,50,0.7,2.0,2.0,0.25,4694,3.3542189598083496
6,20,50,0.7,2.0,2.0,0.5,4819,3.30741024017334
6,20,50,0.9,1.5,1.5,0.25,4786,3.323495864868164
6,20,50,0.9,1.5,1.5,0.5,4653,3.3314731121063232
6,20,50,0.9,1.5,2.0,0.25,4672,3.282076597213745
6,20,50,0.9,1.5,2.0,0.5,5018,3.298448324203491
6,20,50,0.9,2.0,1.5,0.25,4860,3.341792106628418
6,20,50,0.9,2.0,1.5,0.5,4794,3.3374900817871094
6,20,50,0.9,2.0,2.0,0.25,4846,3.3862035274505615
6,20,50,0.9,2.0,2.0,0.5,5032,3.323831796646118
6,20,100,0.7,1.5,1.5,0.25,4736,6.645295143127441
6,20,100,0.7,1.5,1.5,0.5,4811,6.7266809940338135
6,20,100,0.7,1.5,2.0,0.25,4697,6.7038938999176025
6,20,100,0.7,1.5,2.0,0.5,4781,6.681725978851318
6,20,100,0.7,2.0,1.5,0.25,4744,6.6154704093933105
6,20,100,0.7,2.0,1.5,0.5,4837,6.647285223007202
6,20,100,0.7,2.0,2.0,0.25,4615,6.685502767562866
6,20,100,0.7,2.0,2.0,0.5,4862,6.693199634552002
6,20,100,0.9,1.5,1.5,0.25,4740,6.671170711517334
6,20,100,0.9,1.5,1.5,0.5,4970,6.662086486816406
6,20,100,0.9,1.5,2.0,0.25,4727,6.716174125671387
6,20,100,0.9,1.5,2.0,0.5,5146,6.651129245758057
6,20,100,0.9,2.0,1.5,0.25,4775,6.745229244232178
6,20,100,0.9,2.0,1.5,0.5,4931,6.8238654136657715
6,20,100,0.9,2.0,2.0,0.25,4811,6.803343772888184
6,20,100,0.9,2.0,2.0,0.5,4797,6.790260076522827
6,20,150,0.7,1.5,1.5,0.25,4680,10.20737099647522
6,20,150,0.7,1.5,1.5,0.5,4670,10.133668422698975
6,20,150,0.7,1.5,2.0,0.25,4809,10.119858980178833
6,20,150,0.7,1.5,2.0,0.5,4990,10.11847972869873
6,20,150,0.7,2.0,1.5,0.25,4673,10.113893985748291
6,20,150,0.7,2.0,1.5,0.5,4787,10.08168625831604
6,20,150,0.7,2.0,2.0,0.25,4562,9.954752683639526
6,20,150,0.7,2.0,2.0,0.5,4955,10.127798080444336
6,20,150,0.9,1.5,1.5,0.25,4897,9.985306024551392
6,20,150,0.9,1.5,1.5,0.5,4723,10.018320322036743
6,20,150,0.9,1.5,2.0,0.25,4774,9.960622787475586
6,20,150,0.9,1.5,2.0,0.5,4684,10.033116102218628
6,20,150,0.9,2.0,1.5,0.25,4711,10.00446629524231
6,20,150,0.9,2.0,1.5,0.5,4775,10.070789337158203
6,20,150,0.9,2.0,2.0,0.25,4739,10.075138807296753
6,20,150,0.9,2.0,2.0,0.5,5115,10.033879280090332
6,30,50,0.7,1.5,1.5,0.25,4800,5.079647779464722
6,30,50,0.7,1.5,1.5,0.5,4885,5.08891487121582
6,30,50,0.7,1.5,2.0,0.25,4844,5.0247743129730225
6,30,50,0.7,1.5,2.0,0.5,4942,5.033807992935181
6,30,50,0.7,2.0,1.5,0.25,4766,5.368931770324707
6,30,50,0.7,2.0,1.5,0.5,4720,5.263518810272217
6,30,50,0.7,2.0,2.0,0.25,4781,5.319352149963379
6,30,50,0.7,2.0,2.0,0.5,4742,5.256248712539673
6,30,50,0.9,1.5,1.5,0.25,4783,5.1038126945495605
6,30,50,0.9,1.5,1.5,0.5,4949,5.0088770389556885
6,30,50,0.9,1.5,2.0,0.25,4769,4.995116949081421
6,30,50,0.9,1.5,2.0,0.5,5196,5.005440950393677
6,30,50,0.9,2.0,1.5,0.25,4698,5.114877462387085
6,30,50,0.9,2.0,1.5,0.5,4935,5.081754684448242
6,30,50,0.9,2.0,2.0,0.25,4903,5.067058563232422
6,30,50,0.9,2.0,2.0,0.5,4912,5.036717176437378
6,30,100,0.7,1.5,1.5,0.25,4676,10.077039003372192
6,30,100,0.7,1.5,1.5,0.5,4854,10.066735982894897
6,30,100,0.7,1.5,2.0,0.25,4702,10.101972579956055
6,30,100,0.7,1.5,2.0,0.5,4879,10.183544397354126
6,30,100,0.7,2.0,1.5,0.25,4810,10.160448789596558
6,30,100,0.7,2.0,1.5,0.5,4855,10.0753915309906
6,30,100,0.7,2.0,2.0,0.25,4673,10.060322284698486
6,30,100,0.7,2.0,2.0,0.5,4968,9.983276128768921
6,30,100,0.9,1.5,1.5,0.25,4666,10.134413480758667
6,30,100,0.9,1.5,1.5,0.5,5057,10.10484504699707
6,30,100,0.9,1.5,2.0,0.25,4603,10.140270471572876
6,30,100,0.9,1.5,2.0,0.5,4897,10.13831615447998
6,30,100,0.9,2.0,1.5,0.25,4624,10.219550132751465
6,30,100,0.9,2.0,1.5,0.5,4591,10.007188558578491
6,30,100,0.9,2.0,2.0,0.25,4740,10.158724546432495
6,30,100,0.9,2.0,2.0,0.5,4864,10.04388689994812
6,30,150,0.7,1.5,1.5,0.25,4828,15.174101114273071
6,30,150,0.7,1.5,1.5,0.5,4730,15.197423696517944
6,30,150,0.7,1.5,2.0,0.25,4717,15.04778528213501
6,30,150,0.7,1.5,2.0,0.5,4859,15.085928440093994
6,30,150,0.7,2.0,1.5,0.25,4621,15.276831150054932
6,30,150,0.7,2.0,1.5,0.5,4708,15.342285871505737
6,30,150,0.7,2.0,2.0,0.25,4672,15.314213037490845
6,30,150,0.7,2.0,2.0,0.5,4843,15.437482118606567
6,30,150,0.9,1.5,1.5,0.25,4624,15.437064409255981
6,30,150,0.9,1.5,1.5,0.5,4911,15.575440168380737
6,30,150,0.9,1.5,2.0,0.25,4485,15.393191576004028
6,30,150,0.9,1.5,2.0,0.5,5019,15.5474112033844
6,30,150,0.9,2.0,1.5,0.25,4694,15.145297527313232
6,30,150,0.9,2.0,1.5,0.5,4893,15.208913087844849
6,30,150,0.9,2.0,2.0,0.25,4531,15.13585352897644
6,30,150,0.9,2.0,2.0,0.5,5037,15.147902965545654
6,50,50,0.7,1.5,1.5,0.25,4769,8.70149278640747
6,50,50,0.7,1.5,1.5,0.5,4708,8.585409879684448
6,50,50,0.7,1.5,2.0,0.25,4703,8.717904567718506
6,50,50,0.7,1.5,2.0,0.5,4781,8.650669813156128
6,50,50,0.7,2.0,1.5,0.25,4700,8.552254915237427
6,50,50,0.7,2.0,1.5,0.5,4914,8.510809421539307
6,50,50,0.7,2.0,2.0,0.25,4704,8.618544816970825
6,50,50,0.7,2.0,2.0,0.5,4778,8.550523042678833
6,50,50,0.9,1.5,1.5,0.25,4846,8.46163010597229
6,50,50,0.9,1.5,1.5,0.5,4861,8.471771955490112
6,50,50,0.9,1.5,2.0,0.25,4687,8.455676555633545
6,50,50,0.9,1.5,2.0,0.5,5045,8.489696741104126
6,50,50,0.9,2.0,1.5,0.25,4539,8.560911893844604
6,50,50,0.9,2.0,1.5,0.5,4954,8.428152322769165
6,50,50,0.9,2.0,2.0,0.25,4785,8.583232879638672
6,50,50,0.9,2.0,2.0,0.5,5158,8.478359937667847
6,50,100,0.7,1.5,1.5,0.25,4642,16.969854831695557
6,50,100,0.7,1.5,1.5,0.5,4676,16.933794260025024
6,50,100,0.7,1.5,2.0,0.25,4636,16.87461495399475
6,50,100,0.7,1.5,2.0,0.5,4531,16.798107624053955
6,50,100,0.7,2.0,1.5,0.25,4675,17.299708366394043
6,50,100,0.7,2.0,1.5,0.5,4837,17.348523378372192
6,50,100,0.7,2.0,2.0,0.5,4781,17.145331859588623
6,50,100,0.7,2.0,2.0,0.25,4695,17.326294660568237
6,50,100,0.9,1.5,1.5,0.25,4583,17.190120220184326
6,50,100,0.9,1.5,1.5,0.5,4998,17.091423749923706
6,50,100,0.9,1.5,2.0,0.5,5189,16.947909116744995
6,50,100,0.9,1.5,2.0,0.25,4783,17.12250518798828
6,50,100,0.9,2.0,1.5,0.25,4624,17.744053602218628
6,50,100,0.9,2.0,1.5,0.5,4601,17.69244909286499
6,50,100,0.9,2.0,2.0,0.25,4931,17.571697235107422
6,50,100,0.9,2.0,2.0,0.5,4731,17.670437812805176
6,50,150,0.7,1.5,1.5,0.25,4729,25.266066074371338
6,50,150,0.7,1.5,2.0,0.25,4676,25.13860821723938
6,50,150,0.7,1.5,1.5,0.5,4665,25.431710481643677
6,50,150,0.7,1.5,2.0,0.5,4842,25.257869720458984
6,50,150,0.7,2.0,1.5,0.25,4630,25.52951192855835
6,50,150,0.7,2.0,2.0,0.25,4715,25.377318620681763
6,50,150,0.7,2.0,1.5,0.5,4698,25.579657554626465
6,50,150,0.7,2.0,2.0,0.5,4917,25.33387017250061
6,50,150,0.9,1.5,1.5,0.25,4781,25.335817575454712
6,50,150,0.9,1.5,2.0,0.25,4722,25.147469997406006
6,50,150,0.9,1.5,1.5,0.5,4841,25.377169132232666
6,50,150,0.9,1.5,2.0,0.5,4998,25.116804838180542
6,50,150,0.9,2.0,1.5,0.5,4933,25.325746536254883
6,50,150,0.9,2.0,1.5,0.25,4705,25.519111156463623
6,50,150,0.9,2.0,2.0,0.5,5004,25.347412586212158
6,50,150,0.9,2.0,2.0,0.25,4605,25.45734691619873
7,20,50,0.7,1.5,1.5,0.25,4776,3.3906683921813965
7,20,50,0.7,1.5,1.5,0.5,4878,3.382172107696533
7,20,50,0.7,1.5,2.0,0.25,4889,3.4351277351379395
7,20,50,0.7,1.5,2.0,0.5,4996,3.3774735927581787
7,20,50,0.7,2.0,1.5,0.25,4815,3.3347723484039307
7,20,50,0.7,2.0,1.5,0.5,4987,3.3275094032287598
7,20,50,0.7,2.0,2.0,0.25,4730,3.375962972640991
7,20,50,0.7,2.0,2.0,0.5,4901,3.352073907852173
7,20,50,0.9,1.5,1.5,0.5,4920,3.309342861175537
7,20,50,0.9,1.5,1.5,0.25,4823,3.3716437816619873
7,20,50,0.9,1.5,2.0,0.25,4733,3.354306697845459
7,20,50,0.9,1.5,2.0,0.5,4970,3.4071035385131836
7,20,50,0.9,2.0,1.5,0.25,4882,3.364614486694336
7,20,50,0.9,2.0,1.5,0.5,5044,3.38736629486084
7,20,50,0.9,2.0,2.0,0.25,4485,3.3711416721343994
7,20,50,0.9,2.0,2.0,0.5,5185,3.398746967315674
7,20,100,0.7,1.5,1.5,0.5,4734,6.712273359298706
7,20,100,0.7,1.5,1.5,0.25,4604,6.843813180923462
7,20,100,0.7,1.5,2.0,0.25,4605,6.7549052238464355
7,20,100,0.7,1.5,2.0,0.5,4867,6.7256340980529785
7,20,100,0.7,2.0,1.5,0.25,4717,6.780405759811401
7,20,100,0.7,2.0,1.5,0.5,4852,6.7623515129089355
7,20,100,0.7,2.0,2.0,0.25,4775,6.877985000610352
7,20,100,0.7,2.0,2.0,0.5,4782,6.833526611328125
7,20,100,0.9,1.5,1.5,0.25,4876,6.796542644500732
7,20,100,0.9,1.5,1.5,0.5,5036,6.832726240158081
7,20,100,0.9,1.5,2.0,0.5,5079,6.794669151306152
7,20,100,0.9,1.5,2.0,0.25,4810,6.901369094848633
7,20,100,0.9,2.0,1.5,0.25,4578,6.886285781860352
7,20,100,0.9,2.0,1.5,0.5,4987,6.878669023513794
7,20,100,0.9,2.0,2.0,0.25,4765,7.038607597351074
7,20,100,0.9,2.0,2.0,0.5,4852,6.984477281570435
7,20,150,0.7,1.5,1.5,0.25,4783,10.159098625183105
7,20,150,0.7,1.5,1.5,0.5,4669,10.206240177154541
7,20,150,0.7,1.5,2.0,0.25,4681,10.186739683151245
7,20,150,0.7,1.5,2.0,0.5,4980,10.199546575546265
7,20,150,0.7,2.0,1.5,0.25,4785,10.033089637756348
7,20,150,0.7,2.0,1.5,0.5,4919,10.10040283203125
7,20,150,0.7,2.0,2.0,0.5,4737,10.069711685180664
7,20,150,0.7,2.0,2.0,0.25,4486,10.22860336303711
7,20,150,0.9,1.5,1.5,0.25,4609,10.073877096176147
7,20,150,0.9,1.5,1.5,0.5,4754,10.103750705718994
7,20,150,0.9,1.5,2.0,0.25,4745,10.124922513961792
7,20,150,0.9,1.5,2.0,0.5,4678,10.11266803741455
7,20,150,0.9,2.0,1.5,0.25,4604,10.042094230651855
7,20,150,0.9,2.0,1.5,0.5,5000,10.10129427909851
7,20,150,0.9,2.0,2.0,0.25,4568,10.135291337966919
7,20,150,0.9,2.0,2.0,0.5,5284,10.214526891708374
7,30,50,0.7,1.5,1.5,0.25,4815,5.067132472991943
7,30,50,0.7,1.5,1.5,0.5,4993,5.029712438583374
7,30,50,0.7,1.5,2.0,0.25,4734,5.034296989440918
7,30,50,0.7,1.5,2.0,0.5,4854,5.07805871963501
7,30,50,0.7,2.0,1.5,0.25,4856,5.059866189956665
7,30,50,0.7,2.0,1.5,0.5,4806,5.048925161361694
7,30,50,0.7,2.0,2.0,0.25,4873,5.111013174057007
7,30,50,0.7,2.0,2.0,0.5,4647,5.121006488800049
7,30,50,0.9,1.5,1.5,0.25,4762,4.9740214347839355
7,30,50,0.9,1.5,1.5,0.5,5005,4.94427227973938
7,30,50,0.9,1.5,2.0,0.25,4841,5.075232982635498
7,30,50,0.9,1.5,2.0,0.5,5102,5.076634645462036
7,30,50,0.9,2.0,1.5,0.25,4701,5.0163044929504395
7,30,50,0.9,2.0,1.5,0.5,4875,5.062942743301392
7,30,50,0.9,2.0,2.0,0.25,4539,5.4958720207214355
7,30,50,0.9,2.0,2.0,0.5,5166,5.569978952407837
7,30,100,0.7,1.5,1.5,0.25,4932,10.789708852767944
7,30,100,0.7,1.5,1.5,0.5,4693,10.935867547988892
7,30,100,0.7,1.5,2.0,0.25,4650,10.498402833938599
7,30,100,0.7,1.5,2.0,0.5,4779,10.430561780929565
7,30,100,0.7,2.0,1.5,0.25,4721,10.641761302947998
7,30,100,0.7,2.0,1.5,0.5,4787,10.764277696609497
7,30,100,0.7,2.0,2.0,0.25,4649,10.919967651367188
7,30,100,0.7,2.0,2.0,0.5,4992,10.948235034942627
7,30,100,0.9,1.5,1.5,0.25,4822,8963.818058013916
7,30,100,0.9,1.5,1.5,0.5,4709,8963.947684288025
7,30,100,0.9,1.5,2.0,0.25,4834,8963.705671548843
7,30,100,0.9,1.5,2.0,0.5,5119,8964.10346865654
7,30,100,0.9,2.0,1.5,0.25,4813,14.890563726425171
7,30,100,0.9,2.0,1.5,0.5,5031,15.368938207626343
7,30,100,0.9,2.0,2.0,0.25,4730,15.609734773635864
7,30,100,0.9,2.0,2.0,0.5,4956,15.234516620635986
7,30,150,0.7,1.5,1.5,0.25,4737,20.355785131454468
7,30,150,0.7,1.5,1.5,0.5,4757,19.848883628845215
7,30,150,0.7,1.5,2.0,0.25,4561,19.69669508934021
7,30,150,0.7,1.5,2.0,0.5,4843,19.796239376068115
7,30,150,0.7,2.0,1.5,0.25,4523,20.563983917236328
7,30,150,0.7,2.0,1.5,0.5,4677,20.83198118209839
7,30,150,0.7,2.0,2.0,0.25,4614,20.909260511398315
7,30,150,0.7,2.0,2.0,0.5,4673,21.029181718826294
7,30,150,0.9,1.5,1.5,0.25,4805,24.668474435806274
7,30,150,0.9,1.5,1.5,0.5,5026,24.434179306030273
7,30,150,0.9,1.5,2.0,0.25,4747,24.690138816833496
7,30,150,0.9,1.5,2.0,0.5,4984,25.223161697387695
7,30,150,0.9,2.0,1.5,0.25,4705,22.583415031433105
7,30,150,0.9,2.0,1.5,0.5,5005,22.54564619064331
7,30,150,0.9,2.0,2.0,0.25,4914,21.931257724761963
7,30,150,0.9,2.0,2.0,0.5,4918,21.63621711730957
7,50,50,0.7,1.5,1.5,0.25,4701,11.660204648971558
7,50,50,0.7,1.5,1.5,0.5,4876,12.304319620132446
7,50,50,0.7,1.5,2.0,0.25,4757,12.268392086029053
7,50,50,0.7,1.5,2.0,0.5,4830,12.363057374954224
7,50,50,0.7,2.0,1.5,0.25,4837,12.27344012260437
7,50,50,0.7,2.0,1.5,0.5,4906,12.125744342803955
7,50,50,0.7,2.0,2.0,0.25,4855,11.958544492721558
7,50,50,0.7,2.0,2.0,0.5,4910,12.191858291625977
7,50,50,0.9,1.5,1.5,0.25,4767,13.056062698364258
7,50,50,0.9,1.5,1.5,0.5,4938,12.73335599899292
7,50,50,0.9,1.5,2.0,0.25,4709,12.772266864776611
7,50,50,0.9,1.5,2.0,0.5,4987,12.424031019210815
7,50,50,0.9,2.0,1.5,0.25,4741,10.927475452423096
7,50,50,0.9,2.0,1.5,0.5,4837,11.197999238967896
7,50,50,0.9,2.0,2.0,0.25,4864,11.429887533187866
7,50,50,0.9,2.0,2.0,0.5,5039,11.594360828399658
7,50,100,0.7,1.5,1.5,0.25,4554,23.9214026927948
7,50,100,0.7,1.5,1.5,0.5,4771,23.83179497718811
7,50,100,0.7,1.5,2.0,0.25,4894,23.987926721572876
7,50,100,0.7,1.5,2.0,0.5,4801,24.25793170928955
7,50,100,0.7,2.0,1.5,0.25,4569,24.28269124031067
7,50,100,0.7,2.0,1.5,0.5,5008,24.134753465652466
7,50,100,0.7,2.0,2.0,0.25,4760,23.71705389022827
7,50,100,0.7,2.0,2.0,0.5,4711,23.31291103363037
7,50,100,0.9,1.5,1.5,0.25,4848,17.669636726379395
7,50,100,0.9,1.5,2.0,0.25,4831,17.803534507751465
7,50,100,0.9,1.5,1.5,0.5,4849,17.9503972530365
7,50,100,0.9,1.5,2.0,0.5,4868,17.831255674362183
7,50,100,0.9,2.0,1.5,0.25,4721,18.45067524909973
7,50,100,0.9,2.0,1.5,0.5,4633,18.760807037353516
7,50,100,0.9,2.0,2.0,0.25,4760,18.873959064483643
7,50,100,0.9,2.0,2.0,0.5,4996,18.546668767929077
7,50,150,0.7,1.5,1.5,0.25,4569,27.462333917617798
7,50,150,0.7,1.5,1.5,0.5,4719,27.743855237960815
7,50,150,0.7,1.5,2.0,0.25,4626,28.055971145629883
7,50,150,0.7,1.5,2.0,0.5,4939,28.000911235809326
7,50,150,0.7,2.0,1.5,0.25,4683,27.736759424209595
7,50,150,0.7,2.0,1.5,0.5,4831,27.80694890022278
7,50,150,0.7,2.0,2.0,0.25,4524,27.701130867004395
7,50,150,0.7,2.0,2.0,0.5,4789,27.913327932357788
7,50,150,0.9,1.5,1.5,0.25,4763,28.257469177246094
7,50,150,0.9,1.5,1.5,0.5,4636,28.60982394218445
7,50,150,0.9,1.5,2.0,0.25,4619,28.604960203170776
7,50,150,0.9,1.5,2.0,0.5,4933,28.429358959197998
7,50,150,0.9,2.0,1.5,0.25,4842,26.663804292678833
7,50,150,0.9,2.0,1.5,0.5,5013,26.33330225944519
7,50,150,0.9,2.0,2.0,0.25,4755,26.390219688415527
7,50,150,0.9,2.0,2.0,0.5,4876,26.179672241210938
8,20,50,0.7,1.5,1.5,0.25,4633,3.4808671474456787
8,20,50,0.7,1.5,1.5,0.5,4689,3.4477968215942383
8,20,50,0.7,1.5,2.0,0.25,4415,3.418215274810791
8,20,50,0.7,1.5,2.0,0.5,4538,3.466975212097168
8,20,50,0.7,2.0,1.5,0.25,4461,3.4468932151794434
8,20,50,0.7,2.0,1.5,0.5,4446,3.5245020389556885
8,20,50,0.7,2.0,2.0,0.25,4636,3.496751070022583
8,20,50,0.7,2.0,2.0,0.5,4622,3.435239553451538
8,20,50,0.9,1.5,1.5,0.25,4399,3.5992820262908936
8,20,50,0.9,1.5,1.5,0.5,4778,3.7326548099517822
8,20,50,0.9,1.5,2.0,0.25,4747,3.646564245223999
8,20,50,0.9,1.5,2.0,0.5,5012,3.631134510040283
8,20,50,0.9,2.0,1.5,0.25,4581,3.5694756507873535
8,20,50,0.9,2.0,1.5,0.5,5019,3.5429060459136963
8,20,50,0.9,2.0,2.0,0.25,4653,3.4996273517608643
8,20,50,0.9,2.0,2.0,0.5,4996,3.4950826168060303
8,20,100,0.7,1.5,1.5,0.25,4516,7.17578125
8,20,100,0.7,1.5,1.5,0.5,4657,7.06522798538208
8,20,100,0.7,1.5,2.0,0.25,4387,6.949402809143066
8,20,100,0.7,1.5,2.0,0.5,4653,7.003930330276489
8,20,100,0.7,2.0,1.5,0.25,4550,6.964890956878662
8,20,100,0.7,2.0,1.5,0.5,4697,6.82853364944458
8,20,100,0.7,2.0,2.0,0.25,4449,6.848950386047363
8,20,100,0.7,2.0,2.0,0.5,4599,6.669090270996094
8,20,100,0.9,1.5,1.5,0.25,4651,6.974235534667969
8,20,100,0.9,1.5,1.5,0.5,4554,7.03590726852417
8,20,100,0.9,1.5,2.0,0.5,4723,7.003790855407715
8,20,100,0.9,1.5,2.0,0.25,4641,7.129725694656372
8,20,100,0.9,2.0,1.5,0.25,4615,7.124662637710571
8,20,100,0.9,2.0,1.5,0.5,4791,7.122626543045044
8,20,100,0.9,2.0,2.0,0.25,4477,7.322234630584717
8,20,100,0.9,2.0,2.0,0.5,4749,7.264585494995117
8,20,150,0.7,1.5,1.5,0.25,4539,10.213281154632568
8,20,150,0.7,1.5,1.5,0.5,4587,10.252605199813843
8,20,150,0.7,1.5,2.0,0.5,4580,10.182106733322144
8,20,150,0.7,1.5,2.0,0.25,4498,10.300334453582764
8,20,150,0.7,2.0,1.5,0.25,4557,10.210571050643921
8,20,150,0.7,2.0,1.5,0.5,4483,10.162656307220459
8,20,150,0.7,2.0,2.0,0.5,4645,10.022695779800415
8,20,150,0.7,2.0,2.0,0.25,4504,10.276023864746094
8,20,150,0.9,1.5,1.5,0.25,4613,10.186137437820435
8,20,150,0.9,1.5,1.5,0.5,4723,10.414443731307983
8,20,150,0.9,1.5,2.0,0.25,4629,10.353366136550903
8,20,150,0.9,1.5,2.0,0.5,4762,10.420278310775757
8,20,150,0.9,2.0,1.5,0.25,4531,10.466057777404785
8,20,150,0.9,2.0,1.5,0.5,4698,10.170769453048706
8,20,150,0.9,2.0,2.0,0.25,4566,10.208337783813477
8,20,150,0.9,2.0,2.0,0.5,4661,10.268782377243042
8,30,50,0.7,1.5,1.5,0.25,4537,5.1517651081085205
8,30,50,0.7,1.5,1.5,0.5,4716,5.167129755020142
8,30,50,0.7,1.5,2.0,0.25,4236,5.131444931030273
8,30,50,0.7,1.5,2.0,0.5,4704,5.1615965366363525
8,30,50,0.7,2.0,1.5,0.25,4510,5.037426710128784
8,30,50,0.7,2.0,1.5,0.5,4485,5.20050835609436
8,30,50,0.7,2.0,2.0,0.25,4451,5.101141691207886
8,30,50,0.7,2.0,2.0,0.5,4550,5.117421627044678
8,30,50,0.9,1.5,1.5,0.25,4501,5.1490797996521
8,30,50,0.9,1.5,1.5,0.5,4610,5.15066385269165
8,30,50,0.9,1.5,2.0,0.25,4621,5.152317047119141
8,30,50,0.9,1.5,2.0,0.5,4830,5.07532525062561
8,30,50,0.9,2.0,1.5,0.25,4606,5.090739011764526
8,30,50,0.9,2.0,2.0,0.25,4528,5.0600059032440186
8,30,50,0.9,2.0,1.5,0.5,4681,5.15604567527771
8,30,50,0.9,2.0,2.0,0.5,4372,5.1624767780303955
8,30,100,0.7,1.5,1.5,0.25,4561,10.13569688796997
8,30,100,0.7,1.5,1.5,0.5,4767,10.213354587554932
8,30,100,0.7,1.5,2.0,0.25,4465,10.216175317764282
8,30,100,0.7,1.5,2.0,0.5,4685,10.20155668258667
8,30,100,0.7,2.0,1.5,0.25,4252,10.122288227081299
8,30,100,0.7,2.0,1.5,0.5,4624,10.245869159698486
8,30,100,0.7,2.0,2.0,0.25,4489,10.258968353271484
8,30,100,0.7,2.0,2.0,0.5,4506,10.346006155014038
8,30,100,0.9,1.5,1.5,0.25,4531,10.387560606002808
8,30,100,0.9,1.5,1.5,0.5,4668,10.385788202285767
8,30,100,0.9,1.5,2.0,0.25,4624,10.38215160369873
8,30,100,0.9,1.5,2.0,0.5,4879,10.381244897842407
8,30,100,0.9,2.0,1.5,0.25,4578,10.112939596176147
8,30,100,0.9,2.0,1.5,0.5,4455,10.104773759841919
8,30,100,0.9,2.0,2.0,0.25,4344,10.195252180099487
8,30,100,0.9,2.0,2.0,0.5,4996,10.156062841415405
8,30,150,0.7,1.5,1.5,0.25,4480,15.308080196380615
8,30,150,0.7,1.5,2.0,0.25,4436,15.239288091659546
8,30,150,0.7,1.5,1.5,0.5,4398,15.408000469207764
8,30,150,0.7,1.5,2.0,0.5,4712,15.308830976486206
8,30,150,0.7,2.0,1.5,0.25,4528,15.207079410552979
8,30,150,0.7,2.0,1.5,0.5,4472,15.185957431793213
8,30,150,0.7,2.0,2.0,0.25,4462,15.298418760299683
8,30,150,0.7,2.0,2.0,0.5,4728,15.164009809494019
8,30,150,0.9,1.5,1.5,0.25,4474,15.400152921676636
8,30,150,0.9,1.5,1.5,0.5,4774,15.387595891952515
8,30,150,0.9,1.5,2.0,0.25,4295,15.330214262008667
8,30,150,0.9,1.5,2.0,0.5,4699,15.346298694610596
8,30,150,0.9,2.0,1.5,0.25,4416,15.728604316711426
8,30,150,0.9,2.0,1.5,0.5,4810,15.727080583572388
8,30,150,0.9,2.0,2.0,0.25,4573,15.654747486114502
8,30,150,0.9,2.0,2.0,0.5,4435,15.7064790725708
8,50,50,0.7,1.5,1.5,0.25,4413,8.495288372039795
8,50,50,0.7,1.5,1.5,0.5,4663,8.390512943267822
8,50,50,0.7,1.5,2.0,0.25,4333,8.507529735565186
8,50,50,0.7,1.5,2.0,0.5,4711,8.712917804718018
8,50,50,0.7,2.0,1.5,0.25,4611,8.607020378112793
8,50,50,0.7,2.0,1.5,0.5,4335,8.5526123046875
8,50,50,0.7,2.0,2.0,0.25,4328,8.512059211730957
8,50,50,0.7,2.0,2.0,0.5,4868,8.512351036071777
8,50,50,0.9,1.5,1.5,0.25,4452,8.50766921043396
8,50,50,0.9,1.5,1.5,0.5,4548,8.426382780075073
8,50,50,0.9,1.5,2.0,0.25,4611,8.52364730834961
8,50,50,0.9,1.5,2.0,0.5,4778,8.540138006210327
8,50,50,0.9,2.0,1.5,0.25,4537,8.41675853729248
8,50,50,0.9,2.0,1.5,0.5,4678,8.436221837997437
8,50,50,0.9,2.0,2.0,0.25,4668,8.537245988845825
8,50,50,0.9,2.0,2.0,0.5,4763,8.528755187988281
8,50,100,0.7,1.5,1.5,0.25,4450,17.18691897392273
8,50,100,0.7,1.5,1.5,0.5,4522,17.349244356155396
8,50,100,0.7,1.5,2.0,0.25,4518,17.51360273361206
8,50,100,0.7,1.5,2.0,0.5,4677,17.658307790756226
8,50,100,0.7,2.0,1.5,0.25,4430,17.530677318572998
8,50,100,0.7,2.0,1.5,0.5,4426,17.470057487487793
8,50,100,0.7,2.0,2.0,0.25,4586,17.139897108078003
8,50,100,0.7,2.0,2.0,0.5,4538,17.226934909820557
8,50,100,0.9,1.5,1.5,0.25,4531,16.885162591934204
8,50,100,0.9,1.5,1.5,0.5,4663,16.858554363250732
8,50,100,0.9,1.5,2.0,0.25,4522,16.888164520263672
8,50,100,0.9,1.5,2.0,0.5,5005,16.93729519844055
8,50,100,0.9,2.0,1.5,0.25,4503,16.940611839294434
8,50,100,0.9,2.0,1.5,0.5,4749,17.00198006629944
8,50,100,0.9,2.0,2.0,0.25,4483,17.220794677734375
8,50,100,0.9,2.0,2.0,0.5,4707,17.247013807296753
8,50,150,0.7,1.5,1.5,0.25,4472,25.127713203430176
8,50,150,0.7,1.5,1.5,0.5,4510,25.358222723007202
8,50,150,0.7,1.5,2.0,0.25,4440,25.42846918106079
8,50,150,0.7,1.5,2.0,0.5,4746,25.531120538711548
8,50,150,0.7,2.0,1.5,0.25,4441,25.13960862159729
8,50,150,0.7,2.0,1.5,0.5,4608,25.08263373374939
8,50,150,0.7,2.0,2.0,0.25,4535,25.200417280197144
8,50,150,0.7,2.0,2.0,0.5,4789,25.414912939071655
8,50,150,0.9,1.5,1.5,0.25,4323,25.480489253997803
8,50,150,0.9,1.5,1.5,0.5,4629,25.43476176261902
8,50,150,0.9,1.5,2.0,0.25,4350,25.37382936477661
8,50,150,0.9,1.5,2.0,0.5,4788,25.50656747817993
8,50,150,0.9,2.0,1.5,0.25,4386,25.018859386444092
8,50,150,0.9,2.0,1.5,0.5,4853,25.171395301818848
8,50,150,0.9,2.0,2.0,0.25,4499,25.537312507629395
9,20,50,0.7,1.5,1.5,0.25,4522,3.3796026706695557
8,50,150,0.9,2.0,2.0,0.5,4977,25.198713302612305
9,20,50,0.7,1.5,1.5,0.5,4677,3.3624062538146973
9,20,50,0.7,1.5,2.0,0.25,4456,3.3841257095336914
9,20,50,0.7,1.5,2.0,0.5,4715,3.366827964782715
9,20,50,0.7,2.0,1.5,0.25,4590,3.3850536346435547
9,20,50,0.7,2.0,1.5,0.5,4427,3.3660101890563965
9,20,50,0.7,2.0,2.0,0.25,4574,3.350705862045288
9,20,50,0.7,2.0,2.0,0.5,4699,3.4052019119262695
9,20,50,0.9,1.5,1.5,0.25,4553,3.3807384967803955
9,20,50,0.9,1.5,1.5,0.5,4708,3.3827829360961914
9,20,50,0.9,1.5,2.0,0.25,4407,3.384953498840332
9,20,50,0.9,1.5,2.0,0.5,4730,3.33701753616333
9,20,50,0.9,2.0,1.5,0.25,4498,3.39426326751709
9,20,50,0.9,2.0,1.5,0.5,4522,3.3963706493377686
9,20,50,0.9,2.0,2.0,0.25,4678,3.3707594871520996
9,20,50,0.9,2.0,2.0,0.5,4904,3.3916356563568115
9,20,100,0.7,1.5,1.5,0.25,4448,6.944920301437378
9,20,100,0.7,1.5,1.5,0.5,4583,6.766260147094727
9,20,100,0.7,1.5,2.0,0.5,4626,6.740466117858887
9,20,100,0.7,1.5,2.0,0.25,4495,6.852336168289185
9,20,100,0.7,2.0,1.5,0.25,4303,6.799900531768799
9,20,100,0.7,2.0,1.5,0.5,4672,6.766433000564575
9,20,100,0.7,2.0,2.0,0.25,4353,6.798779487609863
9,20,100,0.7,2.0,2.0,0.5,4812,6.78578782081604
9,20,100,0.9,1.5,1.5,0.25,4674,6.688724994659424
9,20,100,0.9,1.5,1.5,0.5,4723,6.783053874969482
9,20,100,0.9,1.5,2.0,0.25,4446,6.746527910232544
9,20,100,0.9,1.5,2.0,0.5,4869,6.77952241897583
9,20,100,0.9,2.0,1.5,0.25,4407,6.86173152923584
9,20,100,0.9,2.0,1.5,0.5,4836,6.923829078674316
9,20,100,0.9,2.0,2.0,0.25,4288,6.851011037826538
9,20,100,0.9,2.0,2.0,0.5,4956,6.877803087234497
9,20,150,0.7,1.5,1.5,0.25,4383,10.089107990264893
9,20,150,0.7,1.5,1.5,0.5,4480,10.16992998123169
9,20,150,0.7,1.5,2.0,0.25,4328,10.104096174240112
9,20,150,0.7,1.5,2.0,0.5,4522,10.10426950454712
9,20,150,0.7,2.0,1.5,0.25,4423,10.264901161193848
9,20,150,0.7,2.0,1.5,0.5,4567,10.146700382232666
9,20,150,0.7,2.0,2.0,0.25,4523,10.031657457351685
9,20,150,0.7,2.0,2.0,0.5,4633,10.148634195327759
9,20,150,0.9,1.5,1.5,0.25,4541,10.163943767547607
9,20,150,0.9,1.5,1.5,0.5,4741,10.134389638900757
9,20,150,0.9,1.5,2.0,0.25,4538,9.995626211166382
9,20,150,0.9,1.5,2.0,0.5,4608,10.141578912734985
9,20,150,0.9,2.0,1.5,0.25,4468,10.315850973129272
9,20,150,0.9,2.0,1.5,0.5,4817,10.116810083389282
9,20,150,0.9,2.0,2.0,0.25,4470,10.16010570526123
9,20,150,0.9,2.0,2.0,0.5,4750,10.229129552841187
9,30,50,0.7,1.5,1.5,0.25,4638,5.178162097930908
9,30,50,0.7,1.5,1.5,0.5,4525,5.15451192855835
9,30,50,0.7,1.5,2.0,0.25,4556,5.030855894088745
9,30,50,0.7,1.5,2.0,0.5,4723,5.1548144817352295
9,30,50,0.7,2.0,1.5,0.25,4497,5.379424333572388
9,30,50,0.7,2.0,1.5,0.5,4646,5.30007004737854
9,30,50,0.7,2.0,2.0,0.25,4574,5.330620050430298
9,30,50,0.7,2.0,2.0,0.5,4840,5.157774209976196
9,30,50,0.9,1.5,1.5,0.25,4315,5.143749713897705
9,30,50,0.9,1.5,1.5,0.5,4816,5.084961414337158
9,30,50,0.9,1.5,2.0,0.25,4514,5.0388383865356445
9,30,50,0.9,1.5,2.0,0.5,5007,5.040056228637695
9,30,50,0.9,2.0,1.5,0.25,4629,5.111526012420654
9,30,50,0.9,2.0,1.5,0.5,4419,4.984246253967285
9,30,50,0.9,2.0,2.0,0.25,4656,5.060937166213989
9,30,50,0.9,2.0,2.0,0.5,4453,5.099184513092041
9,30,100,0.7,1.5,1.5,0.25,4467,10.073181390762329
9,30,100,0.7,1.5,1.5,0.5,4537,10.080854892730713
9,30,100,0.7,1.5,2.0,0.25,4437,10.114530086517334
9,30,100,0.7,1.5,2.0,0.5,4757,10.110911846160889
9,30,100,0.7,2.0,1.5,0.25,4490,10.107703685760498
9,30,100,0.7,2.0,1.5,0.5,4498,10.072715997695923
9,30,100,0.7,2.0,2.0,0.25,4630,9.989392280578613
9,30,100,0.7,2.0,2.0,0.5,4802,10.072509288787842
9,30,100,0.9,1.5,1.5,0.25,4589,10.108645677566528
9,30,100,0.9,1.5,1.5,0.5,4826,10.027545690536499
9,30,100,0.9,1.5,2.0,0.25,4509,10.086529970169067
9,30,100,0.9,1.5,2.0,0.5,4869,10.141247510910034
9,30,100,0.9,2.0,1.5,0.25,4403,11.764619827270508
9,30,100,0.9,2.0,1.5,0.5,4727,12.681362390518188
9,30,100,0.9,2.0,2.0,0.25,4677,12.930571794509888
9,30,100,0.9,2.0,2.0,0.5,4581,13.414035320281982
9,30,150,0.7,1.5,1.5,0.25,4489,18.58209991455078
9,30,150,0.7,1.5,1.5,0.5,4666,17.64327073097229
9,30,150,0.7,1.5,2.0,0.25,4593,17.32049322128296
9,30,150,0.7,1.5,2.0,0.5,4688,16.634770154953003
9,30,150,0.7,2.0,1.5,0.25,4451,14.834288120269775
9,30,150,0.7,2.0,1.5,0.5,4490,14.864796876907349
9,30,150,0.7,2.0,2.0,0.25,4489,14.795997142791748
9,30,150,0.7,2.0,2.0,0.5,4582,14.774697065353394
9,30,150,0.9,1.5,1.5,0.25,4586,14.840255737304688
9,30,150,0.9,1.5,1.5,0.5,4708,14.735238075256348
9,30,150,0.9,1.5,2.0,0.25,4511,14.658223152160645
9,30,150,0.9,1.5,2.0,0.5,4843,14.759944438934326
9,30,150,0.9,2.0,1.5,0.25,4447,15.161860227584839
9,30,150,0.9,2.0,1.5,0.5,4562,15.236361026763916
9,30,150,0.9,2.0,2.0,0.25,4377,14.92972445487976
9,30,150,0.9,2.0,2.0,0.5,5045,15.058468103408813
9,50,50,0.7,1.5,1.5,0.25,4452,8.352583885192871
9,50,50,0.7,1.5,1.5,0.5,4311,8.317169189453125
9,50,50,0.7,1.5,2.0,0.25,4641,8.388466358184814
9,50,50,0.7,1.5,2.0,0.5,4720,8.238085508346558
9,50,50,0.7,2.0,1.5,0.25,4484,8.363491773605347
9,50,50,0.7,2.0,2.0,0.25,4598,8.17883586883545
9,50,50,0.7,2.0,1.5,0.5,4559,8.317290544509888
9,50,50,0.7,2.0,2.0,0.5,4665,8.288294315338135
9,50,50,0.9,1.5,1.5,0.25,4512,8.309799432754517
9,50,50,0.9,1.5,1.5,0.5,4630,8.297837257385254
9,50,50,0.9,1.5,2.0,0.25,4681,8.242640733718872
9,50,50,0.9,1.5,2.0,0.5,4793,8.219949722290039
9,50,50,0.9,2.0,1.5,0.25,4573,8.285601615905762
9,50,50,0.9,2.0,1.5,0.5,4658,8.165227174758911
9,50,50,0.9,2.0,2.0,0.25,4692,8.32380223274231
9,50,50,0.9,2.0,2.0,0.5,4692,8.200413465499878
9,50,100,0.7,1.5,1.5,0.25,4443,16.55751132965088
9,50,100,0.7,1.5,1.5,0.5,4385,16.282185792922974
9,50,100,0.7,1.5,2.0,0.25,4654,16.312676668167114
9,50,100,0.7,1.5,2.0,0.5,4804,16.333415269851685
9,50,100,0.7,2.0,1.5,0.25,4451,16.628190279006958
9,50,100,0.7,2.0,1.5,0.5,4507,16.500640869140625
9,50,100,0.7,2.0,2.0,0.25,4468,16.69096827507019
9,50,100,0.7,2.0,2.0,0.5,4771,16.51919960975647
9,50,100,0.9,1.5,1.5,0.5,4602,16.314339876174927
9,50,100,0.9,1.5,1.5,0.25,4497,16.443350791931152
9,50,100,0.9,1.5,2.0,0.5,5045,16.300475358963013
9,50,100,0.9,1.5,2.0,0.25,4632,16.562597274780273
9,50,100,0.9,2.0,1.5,0.5,4628,16.388082027435303
9,50,100,0.9,2.0,1.5,0.25,4486,16.506922245025635
9,50,100,0.9,2.0,2.0,0.5,4840,16.311882972717285
9,50,100,0.9,2.0,2.0,0.25,4382,16.50499153137207
9,50,150,0.7,1.5,1.5,0.5,4527,24.872974157333374
9,50,150,0.7,1.5,1.5,0.25,4508,25.022757291793823
9,50,150,0.7,1.5,2.0,0.5,4686,24.80910634994507
9,50,150,0.7,1.5,2.0,0.25,4284,25.132766485214233
9,50,150,0.7,2.0,1.5,0.25,4341,24.607227563858032
9,50,150,0.7,2.0,1.5,0.5,4432,24.63248109817505
9,50,150,0.7,2.0,2.0,0.25,4416,24.85517716407776
9,50,150,0.7,2.0,2.0,0.5,4747,24.60940957069397
9,50,150,0.9,1.5,1.5,0.25,4247,24.784528255462646
9,50,150,0.9,1.5,1.5,0.5,4648,24.835808992385864
9,50,150,0.9,1.5,2.0,0.5,4566,24.686683416366577
9,50,150,0.9,1.5,2.0,0.25,4456,24.960262537002563
9,50,150,0.9,2.0,1.5,0.25,4557,24.913706064224243
9,50,150,0.9,2.0,1.5,0.5,4466,25.088788747787476
9,50,150,0.9,2.0,2.0,0.25,4526,25.040522813796997
9,50,150,0.9,2.0,2.0,0.5,4715,25.144184827804565
